Entity,Code,Year,Carbon dioxide emissions from transport
Afghanistan,AFG,2000,0.51
Afghanistan,AFG,2001,0.51
Afghanistan,AFG,2002,0.51
Afghanistan,AFG,2003,0.72
Afghanistan,AFG,2004,0.6
Afghanistan,AFG,2005,1.13
Afghanistan,AFG,2006,1.43
Afghanistan,AFG,2007,1.6
Afghanistan,AFG,2008,2.68
Afghanistan,AFG,2009,4.37
Afghanistan,AFG,2010,5.54
Afghanistan,AFG,2011,6.71
Afghanistan,AFG,2012,5.85
Afghanistan,AFG,2013,4.33
Afghanistan,AFG,2014,3.53
Afghanistan,AFG,2015,4.29
Afghanistan,AFG,2016,3.31
Afghanistan,AFG,2017,3.94
Afghanistan,AFG,2018,4.41
Afghanistan,AFG,2019,4.53
Afghanistan,AFG,2020,3.26
Albania,ALB,2000,1.47
Albania,ALB,2001,1.55
Albania,ALB,2002,1.77
Albania,ALB,2003,1.92
Albania,ALB,2004,2.31
Albania,ALB,2005,2.38
Albania,ALB,2006,1.92
Albania,ALB,2007,2.1
Albania,ALB,2008,2.29
Albania,ALB,2009,2.31
Albania,ALB,2010,2.24
Albania,ALB,2011,2.36
Albania,ALB,2012,2.26
Albania,ALB,2013,2.47
Albania,ALB,2014,2.48
Albania,ALB,2015,2.45
Albania,ALB,2016,2.3
Albania,ALB,2017,2.31
Albania,ALB,2018,2.21
Albania,ALB,2019,2.19
Albania,ALB,2020,1.53
Armenia,ARM,2000,0.57
Armenia,ARM,2001,0.57
Armenia,ARM,2002,0.54
Armenia,ARM,2003,0.59
Armenia,ARM,2004,0.61
Armenia,ARM,2005,0.67
Armenia,ARM,2006,0.67
Armenia,ARM,2007,1.06
Armenia,ARM,2008,1.26
Armenia,ARM,2009,1.14
Armenia,ARM,2010,1.26
Armenia,ARM,2011,1.29
Armenia,ARM,2012,1.3
Armenia,ARM,2013,1.28
Armenia,ARM,2014,1.71
Armenia,ARM,2015,1.66
Armenia,ARM,2016,1.58
Armenia,ARM,2017,1.67
Armenia,ARM,2018,1.8
Armenia,ARM,2019,2.06
Armenia,ARM,2020,2.26
Austria,AUT,2000,18.56
Austria,AUT,2001,20.05
Austria,AUT,2002,21.94
Austria,AUT,2003,23.52
Austria,AUT,2004,23.85
Austria,AUT,2005,24.55
Austria,AUT,2006,23.4
Austria,AUT,2007,23.59
Austria,AUT,2008,22.55
Austria,AUT,2009,21.72
Austria,AUT,2010,22.53
Austria,AUT,2011,21.72
Austria,AUT,2012,21.66
Austria,AUT,2013,23.12
Austria,AUT,2014,22.66
Austria,AUT,2015,23.17
Austria,AUT,2016,23.99
Austria,AUT,2017,24.55
Austria,AUT,2018,24.8
Austria,AUT,2019,24.85
Austria,AUT,2020,21.71
Azerbaijan,AZE,2000,2.36
Azerbaijan,AZE,2001,2.6
Azerbaijan,AZE,2002,2.93
Azerbaijan,AZE,2003,3.15
Azerbaijan,AZE,2004,3.79
Azerbaijan,AZE,2005,4.21
Azerbaijan,AZE,2006,4.84
Azerbaijan,AZE,2007,3.78
Azerbaijan,AZE,2008,4.77
Azerbaijan,AZE,2009,4.25
Azerbaijan,AZE,2010,4.95
Azerbaijan,AZE,2011,5.8
Azerbaijan,AZE,2012,6.4
Azerbaijan,AZE,2013,7.29
Azerbaijan,AZE,2014,7.55
Azerbaijan,AZE,2015,6.8
Azerbaijan,AZE,2016,6.34
Azerbaijan,AZE,2017,7.61
Azerbaijan,AZE,2018,8.41
Azerbaijan,AZE,2019,8.3
Azerbaijan,AZE,2020,6.82
Bahrain,BHR,2000,1.53
Bahrain,BHR,2001,1.59
Bahrain,BHR,2002,1.78
Bahrain,BHR,2003,1.94
Bahrain,BHR,2004,2.12
Bahrain,BHR,2005,2.48
Bahrain,BHR,2006,2.59
Bahrain,BHR,2007,2.82
Bahrain,BHR,2008,3.09
Bahrain,BHR,2009,3.04
Bahrain,BHR,2010,3.12
Bahrain,BHR,2011,2.94
Bahrain,BHR,2012,3.16
Bahrain,BHR,2013,3.28
Bahrain,BHR,2014,3.37
Bahrain,BHR,2015,3.52
Bahrain,BHR,2016,3.6
Bahrain,BHR,2017,3.71
Bahrain,BHR,2018,3.82
Bahrain,BHR,2019,3.74
Bahrain,BHR,2020,3.29
Bangladesh,BGD,2000,3.03
Bangladesh,BGD,2001,3.79
Bangladesh,BGD,2002,3.86
Bangladesh,BGD,2003,3.93
Bangladesh,BGD,2004,4.54
Bangladesh,BGD,2005,5.06
Bangladesh,BGD,2006,5.28
Bangladesh,BGD,2007,5.39
Bangladesh,BGD,2008,6.02
Bangladesh,BGD,2009,6.35
Bangladesh,BGD,2010,7.35
Bangladesh,BGD,2011,8.56
Bangladesh,BGD,2012,8.65
Bangladesh,BGD,2013,8.21
Bangladesh,BGD,2014,8.87
Bangladesh,BGD,2015,9.29
Bangladesh,BGD,2016,9.84
Bangladesh,BGD,2017,10.98
Bangladesh,BGD,2018,12.04
Bangladesh,BGD,2019,11.7
Bangladesh,BGD,2020,10.36
Belarus,BLR,2000,6.45
Belarus,BLR,2001,6.12
Belarus,BLR,2002,6.61
Belarus,BLR,2003,6.82
Belarus,BLR,2004,6.98
Belarus,BLR,2005,7.77
Belarus,BLR,2006,9.13
Belarus,BLR,2007,9.29
Belarus,BLR,2008,10.55
Belarus,BLR,2009,9.65
Belarus,BLR,2010,10.24
Belarus,BLR,2011,10.87
Belarus,BLR,2012,11.67
Belarus,BLR,2013,12.18
Belarus,BLR,2014,11.59
Belarus,BLR,2015,10.38
Belarus,BLR,2016,10.8
Belarus,BLR,2017,11.26
Belarus,BLR,2018,11.84
Belarus,BLR,2019,11.8
Belarus,BLR,2020,10.61
Belgium,BEL,2000,24.48
Belgium,BEL,2001,25.3
Belgium,BEL,2002,25.24
Belgium,BEL,2003,25.88
Belgium,BEL,2004,26.97
Belgium,BEL,2005,26.19
Belgium,BEL,2006,26.6
Belgium,BEL,2007,27.43
Belgium,BEL,2008,27.5
Belgium,BEL,2009,26.66
Belgium,BEL,2010,25.83
Belgium,BEL,2011,25.45
Belgium,BEL,2012,24.68
Belgium,BEL,2013,24.19
Belgium,BEL,2014,24.41
Belgium,BEL,2015,26.08
Belgium,BEL,2016,25.8
Belgium,BEL,2017,25.2
Belgium,BEL,2018,25.27
Belgium,BEL,2019,25.02
Belgium,BEL,2020,20.92
Bhutan,BTN,2000,0.11
Bhutan,BTN,2001,0.12
Bhutan,BTN,2002,0.14
Bhutan,BTN,2003,0.16
Bhutan,BTN,2004,0.17
Bhutan,BTN,2005,0.17
Bhutan,BTN,2006,0.17
Bhutan,BTN,2007,0.19
Bhutan,BTN,2008,0.2
Bhutan,BTN,2009,0.22
Bhutan,BTN,2010,0.28
Bhutan,BTN,2011,0.35
Bhutan,BTN,2012,0.4
Bhutan,BTN,2013,0.41
Bhutan,BTN,2014,0.39
Bhutan,BTN,2015,0.41
Bhutan,BTN,2016,0.43
Bhutan,BTN,2017,0.47
Bhutan,BTN,2018,0.54
Bhutan,BTN,2019,0.54
Bhutan,BTN,2020,0.39
Bosnia and Herzegovina,BIH,2000,2.0899999
Bosnia and Herzegovina,BIH,2001,2.13
Bosnia and Herzegovina,BIH,2002,2.04
Bosnia and Herzegovina,BIH,2003,2.06
Bosnia and Herzegovina,BIH,2004,2.39
Bosnia and Herzegovina,BIH,2005,2.3
Bosnia and Herzegovina,BIH,2006,2.88
Bosnia and Herzegovina,BIH,2007,3.05
Bosnia and Herzegovina,BIH,2008,3.38
Bosnia and Herzegovina,BIH,2009,3.49
Bosnia and Herzegovina,BIH,2010,3.4
Bosnia and Herzegovina,BIH,2011,3.41
Bosnia and Herzegovina,BIH,2012,3.19
Bosnia and Herzegovina,BIH,2013,2.82
Bosnia and Herzegovina,BIH,2014,2.98
Bosnia and Herzegovina,BIH,2015,3.11
Bosnia and Herzegovina,BIH,2016,3.62
Bosnia and Herzegovina,BIH,2017,3.78
Bosnia and Herzegovina,BIH,2018,3.75
Bosnia and Herzegovina,BIH,2019,4.0100002
Bosnia and Herzegovina,BIH,2020,3.64
Brunei,BRN,2000,0.81
Brunei,BRN,2001,0.84
Brunei,BRN,2002,0.88
Brunei,BRN,2003,0.92
Brunei,BRN,2004,0.97
Brunei,BRN,2005,0.95
Brunei,BRN,2006,1.03
Brunei,BRN,2007,1.13
Brunei,BRN,2008,1.13
Brunei,BRN,2009,1.12
Brunei,BRN,2010,1.18
Brunei,BRN,2011,1.28
Brunei,BRN,2012,1.34
Brunei,BRN,2013,1.33
Brunei,BRN,2014,1.35
Brunei,BRN,2015,1.36
Brunei,BRN,2016,1.34
Brunei,BRN,2017,1.33
Brunei,BRN,2018,1.35
Brunei,BRN,2019,1.32
Brunei,BRN,2020,1.2
Bulgaria,BGR,2000,5.43
Bulgaria,BGR,2001,5.6
Bulgaria,BGR,2002,5.83
Bulgaria,BGR,2003,6.42
Bulgaria,BGR,2004,6.95
Bulgaria,BGR,2005,7.76
Bulgaria,BGR,2006,8.1899995
Bulgaria,BGR,2007,7.93
Bulgaria,BGR,2008,8.3100005
Bulgaria,BGR,2009,7.98
Bulgaria,BGR,2010,7.76
Bulgaria,BGR,2011,7.94
Bulgaria,BGR,2012,8.21
Bulgaria,BGR,2013,7.27
Bulgaria,BGR,2014,8.13
Bulgaria,BGR,2015,8.93
Bulgaria,BGR,2016,9.04
Bulgaria,BGR,2017,9.19
Bulgaria,BGR,2018,9.4
Bulgaria,BGR,2019,9.52
Bulgaria,BGR,2020,8.95
Cambodia,KHM,2000,1.32
Cambodia,KHM,2001,1.51
Cambodia,KHM,2002,1.32
Cambodia,KHM,2003,1.35
Cambodia,KHM,2004,1.37
Cambodia,KHM,2005,1.5
Cambodia,KHM,2006,1.61
Cambodia,KHM,2007,2.0
Cambodia,KHM,2008,2.0699999
Cambodia,KHM,2009,2.69
Cambodia,KHM,2010,2.95
Cambodia,KHM,2011,3.12
Cambodia,KHM,2012,3.29
Cambodia,KHM,2013,3.38
Cambodia,KHM,2014,3.7
Cambodia,KHM,2015,4.0700002
Cambodia,KHM,2016,4.51
Cambodia,KHM,2017,4.8
Cambodia,KHM,2018,5.12
Cambodia,KHM,2019,6.31
Cambodia,KHM,2020,6.7
China,CHN,2000,248.48
China,CHN,2001,254.25
China,CHN,2002,276.44
China,CHN,2003,313.14
China,CHN,2004,371.14
China,CHN,2005,397.30998
China,CHN,2006,434.81
China,CHN,2007,468.58
China,CHN,2008,507.07
China,CHN,2009,517.07
China,CHN,2010,568.78
China,CHN,2011,621.89
China,CHN,2012,686.13
China,CHN,2013,741.09005
China,CHN,2014,770.34995
China,CHN,2015,828.46
China,CHN,2016,845.36
China,CHN,2017,877.82
China,CHN,2018,947.65997
China,CHN,2019,939.62
China,CHN,2020,896.13
Croatia,HRV,2000,4.32
Croatia,HRV,2001,4.38
Croatia,HRV,2002,4.68
Croatia,HRV,2003,5.09
Croatia,HRV,2004,5.25
Croatia,HRV,2005,5.43
Croatia,HRV,2006,5.78
Croatia,HRV,2007,6.21
Croatia,HRV,2008,6.14
Croatia,HRV,2009,6.11
Croatia,HRV,2010,5.87
Croatia,HRV,2011,5.76
Croatia,HRV,2012,5.55
Croatia,HRV,2013,5.63
Croatia,HRV,2014,5.58
Croatia,HRV,2015,5.89
Croatia,HRV,2016,6.1
Croatia,HRV,2017,6.57
Croatia,HRV,2018,6.34
Croatia,HRV,2019,6.51
Croatia,HRV,2020,5.71
Cyprus,CYP,2000,1.74
Cyprus,CYP,2001,1.8
Cyprus,CYP,2002,1.78
Cyprus,CYP,2003,1.89
Cyprus,CYP,2004,1.99
Cyprus,CYP,2005,2.03
Cyprus,CYP,2006,2.01
Cyprus,CYP,2007,2.15
Cyprus,CYP,2008,2.19
Cyprus,CYP,2009,2.19
Cyprus,CYP,2010,2.24
Cyprus,CYP,2011,2.17
Cyprus,CYP,2012,2.0
Cyprus,CYP,2013,1.8
Cyprus,CYP,2014,1.75
Cyprus,CYP,2015,1.82
Cyprus,CYP,2016,1.93
Cyprus,CYP,2017,2.0
Cyprus,CYP,2018,2.02
Cyprus,CYP,2019,2.04
Cyprus,CYP,2020,1.77
Czechia,CZE,2000,11.87
Czechia,CZE,2001,12.75
Czechia,CZE,2002,13.29
Czechia,CZE,2003,15.12
Czechia,CZE,2004,15.85
Czechia,CZE,2005,17.15
Czechia,CZE,2006,17.45
Czechia,CZE,2007,18.41
Czechia,CZE,2008,18.26
Czechia,CZE,2009,17.63
Czechia,CZE,2010,16.6
Czechia,CZE,2011,16.469999
Czechia,CZE,2012,16.139999
Czechia,CZE,2013,16.0
Czechia,CZE,2014,16.51
Czechia,CZE,2015,17.32
Czechia,CZE,2016,18.0
Czechia,CZE,2017,18.54
Czechia,CZE,2018,18.67
Czechia,CZE,2019,18.89
Czechia,CZE,2020,17.59
Denmark,DNK,2000,11.93
Denmark,DNK,2001,12.03
Denmark,DNK,2002,12.18
Denmark,DNK,2003,12.66
Denmark,DNK,2004,12.95
Denmark,DNK,2005,13.17
Denmark,DNK,2006,13.47
Denmark,DNK,2007,14.02
Denmark,DNK,2008,13.87
Denmark,DNK,2009,13.14
Denmark,DNK,2010,12.99
Denmark,DNK,2011,12.64
Denmark,DNK,2012,11.59
Denmark,DNK,2013,11.38
Denmark,DNK,2014,11.47
Denmark,DNK,2015,12.0
Denmark,DNK,2016,12.16
Denmark,DNK,2017,12.14
Denmark,DNK,2018,12.31
Denmark,DNK,2019,12.04
Denmark,DNK,2020,11.05
East Timor,TLS,2000,0.0
East Timor,TLS,2001,0.0
East Timor,TLS,2002,0.11
East Timor,TLS,2003,0.1
East Timor,TLS,2004,0.12
East Timor,TLS,2005,0.12
East Timor,TLS,2006,0.12
East Timor,TLS,2007,0.11
East Timor,TLS,2008,0.11
East Timor,TLS,2009,0.12
East Timor,TLS,2010,0.12
East Timor,TLS,2011,0.12999999
East Timor,TLS,2012,0.19
East Timor,TLS,2013,0.18
East Timor,TLS,2014,0.24
East Timor,TLS,2015,0.23
East Timor,TLS,2016,0.35
East Timor,TLS,2017,0.3
East Timor,TLS,2018,0.3
East Timor,TLS,2019,0.31
East Timor,TLS,2020,0.22
Estonia,EST,2000,1.65
Estonia,EST,2001,1.97
Estonia,EST,2002,2.0799999
Estonia,EST,2003,2.0
Estonia,EST,2004,2.04
Estonia,EST,2005,2.15
Estonia,EST,2006,2.31
Estonia,EST,2007,2.44
Estonia,EST,2008,2.36
Estonia,EST,2009,2.13
Estonia,EST,2010,2.24
Estonia,EST,2011,2.24
Estonia,EST,2012,2.28
Estonia,EST,2013,2.23
Estonia,EST,2014,2.23
Estonia,EST,2015,2.3
Estonia,EST,2016,2.35
Estonia,EST,2017,2.43
Estonia,EST,2018,2.46
Estonia,EST,2019,2.41
Estonia,EST,2020,2.25
Finland,FIN,2000,11.75
Finland,FIN,2001,11.89
Finland,FIN,2002,12.07
Finland,FIN,2003,12.27
Finland,FIN,2004,12.6
Finland,FIN,2005,12.63
Finland,FIN,2006,12.81
Finland,FIN,2007,13.15
Finland,FIN,2008,12.53
Finland,FIN,2009,11.96
Finland,FIN,2010,12.47
Finland,FIN,2011,12.29
Finland,FIN,2012,11.99
Finland,FIN,2013,11.83
Finland,FIN,2014,10.71
Finland,FIN,2015,10.7
Finland,FIN,2016,11.91
Finland,FIN,2017,11.31
Finland,FIN,2018,11.51
Finland,FIN,2019,11.12
Finland,FIN,2020,10.32
France,FRA,2000,132.47999
France,FRA,2001,134.22
France,FRA,2002,134.14
France,FRA,2003,132.82001
France,FRA,2004,133.06
France,FRA,2005,130.8
France,FRA,2006,131.11999
France,FRA,2007,130.28999
France,FRA,2008,124.32
France,FRA,2009,122.93
France,FRA,2010,123.27
France,FRA,2011,128.16
France,FRA,2012,127.09
France,FRA,2013,126.07
France,FRA,2014,126.22
France,FRA,2015,127.43
France,FRA,2016,127.97
France,FRA,2017,128.53999
France,FRA,2018,125.65
France,FRA,2019,125.36
France,FRA,2020,106.48
Georgia,GEO,2000,0.95
Georgia,GEO,2001,1.15
Georgia,GEO,2002,1.21
Georgia,GEO,2003,1.24
Georgia,GEO,2004,1.2
Georgia,GEO,2005,1.51
Georgia,GEO,2006,1.57
Georgia,GEO,2007,2.0699999
Georgia,GEO,2008,1.74
Georgia,GEO,2009,2.17
Georgia,GEO,2010,2.26
Georgia,GEO,2011,2.31
Georgia,GEO,2012,2.45
Georgia,GEO,2013,3.07
Georgia,GEO,2014,3.44
Georgia,GEO,2015,3.78
Georgia,GEO,2016,4.29
Georgia,GEO,2017,3.87
Georgia,GEO,2018,3.76
Georgia,GEO,2019,3.9
Georgia,GEO,2020,3.77
Germany,DEU,2000,173.47
Germany,DEU,2001,169.54
Germany,DEU,2002,167.12
Germany,DEU,2003,164.04
Germany,DEU,2004,163.99
Germany,DEU,2005,155.63
Germany,DEU,2006,153.48
Germany,DEU,2007,148.38
Germany,DEU,2008,148.89
Germany,DEU,2009,147.06
Germany,DEU,2010,148.12
Germany,DEU,2011,149.94
Germany,DEU,2012,148.51
Germany,DEU,2013,152.37
Germany,DEU,2014,154.57
Germany,DEU,2015,157.59
Germany,DEU,2016,161.02
Germany,DEU,2017,163.49
Germany,DEU,2018,157.66
Germany,DEU,2019,160.04
Germany,DEU,2020,142.31
Greece,GRC,2000,19.07
Greece,GRC,2001,19.77
Greece,GRC,2002,20.03
Greece,GRC,2003,20.98
Greece,GRC,2004,21.39
Greece,GRC,2005,21.78
Greece,GRC,2006,22.29
Greece,GRC,2007,22.88
Greece,GRC,2008,22.2
Greece,GRC,2009,24.8
Greece,GRC,2010,21.99
Greece,GRC,2011,19.64
Greece,GRC,2012,16.42
Greece,GRC,2013,16.309999
Greece,GRC,2014,16.35
Greece,GRC,2015,16.68
Greece,GRC,2016,17.16
Greece,GRC,2017,16.88
Greece,GRC,2018,17.17
Greece,GRC,2019,17.55
Greece,GRC,2020,14.84
Hungary,HUN,2000,8.87
Hungary,HUN,2001,9.34
Hungary,HUN,2002,9.95
Hungary,HUN,2003,10.4
Hungary,HUN,2004,10.88
Hungary,HUN,2005,11.79
Hungary,HUN,2006,12.6
Hungary,HUN,2007,12.97
Hungary,HUN,2008,12.89
Hungary,HUN,2009,12.81
Hungary,HUN,2010,11.65
Hungary,HUN,2011,10.83
Hungary,HUN,2012,10.51
Hungary,HUN,2013,9.79
Hungary,HUN,2014,10.93
Hungary,HUN,2015,11.93
Hungary,HUN,2016,11.96
Hungary,HUN,2017,12.73
Hungary,HUN,2018,13.52
Hungary,HUN,2019,14.34
Hungary,HUN,2020,12.27
Iceland,ISL,2000,0.63
Iceland,ISL,2001,0.64
Iceland,ISL,2002,0.64
Iceland,ISL,2003,0.64
Iceland,ISL,2004,0.67
Iceland,ISL,2005,0.67
Iceland,ISL,2006,0.9
Iceland,ISL,2007,0.97
Iceland,ISL,2008,0.91
Iceland,ISL,2009,0.89
Iceland,ISL,2010,0.85
Iceland,ISL,2011,0.82
Iceland,ISL,2012,0.8
Iceland,ISL,2013,0.82
Iceland,ISL,2014,0.82
Iceland,ISL,2015,0.85
Iceland,ISL,2016,0.93
Iceland,ISL,2017,0.98
Iceland,ISL,2018,1.02
Iceland,ISL,2019,1.01
Iceland,ISL,2020,0.85
India,IND,2000,95.09
India,IND,2001,94.92
India,IND,2002,97.74
India,IND,2003,99.53
India,IND,2004,108.05
India,IND,2005,115.4
India,IND,2006,120.65
India,IND,2007,142.98
India,IND,2008,163.21
India,IND,2009,178.71
India,IND,2010,192.92
India,IND,2011,209.29
India,IND,2012,221.52
India,IND,2013,226.26
India,IND,2014,235.75
India,IND,2015,257.75
India,IND,2016,269.39
India,IND,2017,291.23
India,IND,2018,305.33
India,IND,2019,307.86
India,IND,2020,269.54998
Indonesia,IDN,2000,62.69
Indonesia,IDN,2001,66.75
Indonesia,IDN,2002,67.99
Indonesia,IDN,2003,69.27
Indonesia,IDN,2004,70.83
Indonesia,IDN,2005,69.84
Indonesia,IDN,2006,66.29
Indonesia,IDN,2007,67.81
Indonesia,IDN,2008,72.07
Indonesia,IDN,2009,81.68
Indonesia,IDN,2010,89.11
Indonesia,IDN,2011,108.5
Indonesia,IDN,2012,129.61999
Indonesia,IDN,2013,136.12
Indonesia,IDN,2014,136.59
Indonesia,IDN,2015,132.03
Indonesia,IDN,2016,128.10001
Indonesia,IDN,2017,135.04
Indonesia,IDN,2018,150.99
Indonesia,IDN,2019,149.41
Indonesia,IDN,2020,126.42
Iran,IRN,2000,76.49
Iran,IRN,2001,80.31
Iran,IRN,2002,86.57
Iran,IRN,2003,91.43
Iran,IRN,2004,96.96
Iran,IRN,2005,104.93
Iran,IRN,2006,111.14
Iran,IRN,2007,110.55
Iran,IRN,2008,115.23
Iran,IRN,2009,125.21
Iran,IRN,2010,116.75
Iran,IRN,2011,116.94
Iran,IRN,2012,123.77
Iran,IRN,2013,128.24001
Iran,IRN,2014,141.15
Iran,IRN,2015,139.1
Iran,IRN,2016,130.24001
Iran,IRN,2017,134.83
Iran,IRN,2018,139.26
Iran,IRN,2019,137.77
Iran,IRN,2020,128.83
Iraq,IRQ,2000,26.37
Iraq,IRQ,2001,28.83
Iraq,IRQ,2002,27.77
Iraq,IRQ,2003,21.57
Iraq,IRQ,2004,24.14
Iraq,IRQ,2005,26.05
Iraq,IRQ,2006,25.87
Iraq,IRQ,2007,25.7
Iraq,IRQ,2008,24.6
Iraq,IRQ,2009,25.27
Iraq,IRQ,2010,28.02
Iraq,IRQ,2011,29.86
Iraq,IRQ,2012,33.099998
Iraq,IRQ,2013,31.63
Iraq,IRQ,2014,25.06
Iraq,IRQ,2015,24.01
Iraq,IRQ,2016,24.52
Iraq,IRQ,2017,27.86
Iraq,IRQ,2018,32.48
Iraq,IRQ,2019,34.52
Iraq,IRQ,2020,28.77
Ireland,IRL,2000,10.39
Ireland,IRL,2001,10.88
Ireland,IRL,2002,11.08
Ireland,IRL,2003,11.28
Ireland,IRL,2004,11.99
Ireland,IRL,2005,12.67
Ireland,IRL,2006,13.88
Ireland,IRL,2007,14.21
Ireland,IRL,2008,13.39
Ireland,IRL,2009,12.14
Ireland,IRL,2010,11.34
Ireland,IRL,2011,10.76
Ireland,IRL,2012,10.55
Ireland,IRL,2013,10.71
Ireland,IRL,2014,11.13
Ireland,IRL,2015,11.28
Ireland,IRL,2016,11.94
Ireland,IRL,2017,11.67
Ireland,IRL,2018,11.84
Ireland,IRL,2019,11.83
Ireland,IRL,2020,9.94
Israel,ISR,2000,13.37
Israel,ISR,2001,13.28
Israel,ISR,2002,13.82
Israel,ISR,2003,14.29
Israel,ISR,2004,14.16
Israel,ISR,2005,13.47
Israel,ISR,2006,13.77
Israel,ISR,2007,14.5
Israel,ISR,2008,15.98
Israel,ISR,2009,15.7
Israel,ISR,2010,16.450001
Israel,ISR,2011,15.67
Israel,ISR,2012,17.15
Israel,ISR,2013,15.89
Israel,ISR,2014,16.030001
Israel,ISR,2015,16.93
Israel,ISR,2016,17.49
Israel,ISR,2017,17.96
Israel,ISR,2018,18.04
Israel,ISR,2019,18.13
Israel,ISR,2020,16.299999
Italy,ITA,2000,116.36
Italy,ITA,2001,118.49
Italy,ITA,2002,120.75
Italy,ITA,2003,121.81
Italy,ITA,2004,124.04
Italy,ITA,2005,122.96
Italy,ITA,2006,124.26
Italy,ITA,2007,124.73
Italy,ITA,2008,117.93
Italy,ITA,2009,111.84
Italy,ITA,2010,109.19
Italy,ITA,2011,109.15
Italy,ITA,2012,102.51
Italy,ITA,2013,100.72
Italy,ITA,2014,105.39
Italy,ITA,2015,103.01
Italy,ITA,2016,101.71
Italy,ITA,2017,97.61
Italy,ITA,2018,100.2
Italy,ITA,2019,100.92
Italy,ITA,2020,80.67
Japan,JPN,2000,261.54002
Japan,JPN,2001,263.62
Japan,JPN,2002,259.12
Japan,JPN,2003,256.84
Japan,JPN,2004,256.79002
Japan,JPN,2005,254.02
Japan,JPN,2006,250.13
Japan,JPN,2007,242.91
Japan,JPN,2008,233.81
Japan,JPN,2009,227.64
Japan,JPN,2010,228.65
Japan,JPN,2011,223.03
Japan,JPN,2012,220.7
Japan,JPN,2013,218.03
Japan,JPN,2014,211.97
Japan,JPN,2015,211.32
Japan,JPN,2016,208.9
Japan,JPN,2017,207.09
Japan,JPN,2018,204.62
Japan,JPN,2019,200.5
Japan,JPN,2020,180.71
Jordan,JOR,2000,3.59
Jordan,JOR,2001,3.71
Jordan,JOR,2002,3.77
Jordan,JOR,2003,3.83
Jordan,JOR,2004,4.4
Jordan,JOR,2005,4.85
Jordan,JOR,2006,4.77
Jordan,JOR,2007,5.09
Jordan,JOR,2008,4.63
Jordan,JOR,2009,5.15
Jordan,JOR,2010,5.22
Jordan,JOR,2011,5.33
Jordan,JOR,2012,6.87
Jordan,JOR,2013,7.11
Jordan,JOR,2014,7.05
Jordan,JOR,2015,7.83
Jordan,JOR,2016,8.3
Jordan,JOR,2017,9.12
Jordan,JOR,2018,9.01
Jordan,JOR,2019,8.48
Jordan,JOR,2020,7.13
Kazakhstan,KAZ,2000,9.38
Kazakhstan,KAZ,2001,8.2
Kazakhstan,KAZ,2002,9.13
Kazakhstan,KAZ,2003,8.65
Kazakhstan,KAZ,2004,9.23
Kazakhstan,KAZ,2005,9.55
Kazakhstan,KAZ,2006,10.53
Kazakhstan,KAZ,2007,12.1
Kazakhstan,KAZ,2008,13.78
Kazakhstan,KAZ,2009,12.44
Kazakhstan,KAZ,2010,13.15
Kazakhstan,KAZ,2011,13.47
Kazakhstan,KAZ,2012,14.59
Kazakhstan,KAZ,2013,13.73
Kazakhstan,KAZ,2014,14.41
Kazakhstan,KAZ,2015,15.35
Kazakhstan,KAZ,2016,15.95
Kazakhstan,KAZ,2017,15.37
Kazakhstan,KAZ,2018,17.47
Kazakhstan,KAZ,2019,16.34
Kazakhstan,KAZ,2020,20.69
Kuwait,KWT,2000,6.02
Kuwait,KWT,2001,6.13
Kuwait,KWT,2002,6.51
Kuwait,KWT,2003,7.08
Kuwait,KWT,2004,7.54
Kuwait,KWT,2005,8.16
Kuwait,KWT,2006,9.26
Kuwait,KWT,2007,9.57
Kuwait,KWT,2008,10.54
Kuwait,KWT,2009,11.73
Kuwait,KWT,2010,12.67
Kuwait,KWT,2011,12.15
Kuwait,KWT,2012,12.49
Kuwait,KWT,2013,13.15
Kuwait,KWT,2014,13.34
Kuwait,KWT,2015,14.02
Kuwait,KWT,2016,14.21
Kuwait,KWT,2017,15.02
Kuwait,KWT,2018,15.87
Kuwait,KWT,2019,16.049999
Kuwait,KWT,2020,13.0
Kyrgyzstan,KGZ,2000,0.85
Kyrgyzstan,KGZ,2001,0.89
Kyrgyzstan,KGZ,2002,0.78
Kyrgyzstan,KGZ,2003,0.94
Kyrgyzstan,KGZ,2004,1.18
Kyrgyzstan,KGZ,2005,1.09
Kyrgyzstan,KGZ,2006,1.16
Kyrgyzstan,KGZ,2007,1.75
Kyrgyzstan,KGZ,2008,1.96
Kyrgyzstan,KGZ,2009,2.27
Kyrgyzstan,KGZ,2010,1.98
Kyrgyzstan,KGZ,2011,2.77
Kyrgyzstan,KGZ,2012,3.94
Kyrgyzstan,KGZ,2013,3.94
Kyrgyzstan,KGZ,2014,3.15
Kyrgyzstan,KGZ,2015,2.67
Kyrgyzstan,KGZ,2016,3.27
Kyrgyzstan,KGZ,2017,1.84
Kyrgyzstan,KGZ,2018,1.49
Kyrgyzstan,KGZ,2019,1.13
Kyrgyzstan,KGZ,2020,1.38
Laos,LAO,2000,0.77
Laos,LAO,2001,0.87
Laos,LAO,2002,0.89
Laos,LAO,2003,0.93
Laos,LAO,2004,0.96
Laos,LAO,2005,1.0
Laos,LAO,2006,1.07
Laos,LAO,2007,1.17
Laos,LAO,2008,1.35
Laos,LAO,2009,1.51
Laos,LAO,2010,1.52
Laos,LAO,2011,1.51
Laos,LAO,2012,1.69
Laos,LAO,2013,1.92
Laos,LAO,2014,2.23
Laos,LAO,2015,2.35
Laos,LAO,2016,2.99
Laos,LAO,2017,3.04
Laos,LAO,2018,3.12
Laos,LAO,2019,2.47
Laos,LAO,2020,2.44
Latvia,LVA,2000,2.12
Latvia,LVA,2001,2.51
Latvia,LVA,2002,2.59
Latvia,LVA,2003,2.74
Latvia,LVA,2004,2.87
Latvia,LVA,2005,3.0
Latvia,LVA,2006,3.32
Latvia,LVA,2007,3.75
Latvia,LVA,2008,3.55
Latvia,LVA,2009,3.11
Latvia,LVA,2010,3.18
Latvia,LVA,2011,2.82
Latvia,LVA,2012,2.73
Latvia,LVA,2013,2.76
Latvia,LVA,2014,2.88
Latvia,LVA,2015,3.06
Latvia,LVA,2016,3.08
Latvia,LVA,2017,3.24
Latvia,LVA,2018,3.24
Latvia,LVA,2019,3.22
Latvia,LVA,2020,3.03
Lebanon,LBN,2000,4.0
Lebanon,LBN,2001,3.74
Lebanon,LBN,2002,3.75
Lebanon,LBN,2003,4.0
Lebanon,LBN,2004,4.02
Lebanon,LBN,2005,4.0500002
Lebanon,LBN,2006,3.9
Lebanon,LBN,2007,3.07
Lebanon,LBN,2008,4.45
Lebanon,LBN,2009,5.12
Lebanon,LBN,2010,5.05
Lebanon,LBN,2011,5.07
Lebanon,LBN,2012,8.12
Lebanon,LBN,2013,6.72
Lebanon,LBN,2014,7.12
Lebanon,LBN,2015,8.3500005
Lebanon,LBN,2016,8.86
Lebanon,LBN,2017,9.32
Lebanon,LBN,2018,8.1099995
Lebanon,LBN,2019,8.42
Lebanon,LBN,2020,6.32
Lithuania,LTU,2000,3.04
Lithuania,LTU,2001,3.32
Lithuania,LTU,2002,3.44
Lithuania,LTU,2003,3.49
Lithuania,LTU,2004,3.83
Lithuania,LTU,2005,4.06
Lithuania,LTU,2006,4.33
Lithuania,LTU,2007,5.03
Lithuania,LTU,2008,5.01
Lithuania,LTU,2009,4.1399998
Lithuania,LTU,2010,4.28
Lithuania,LTU,2011,4.25
Lithuania,LTU,2012,4.28
Lithuania,LTU,2013,4.28
Lithuania,LTU,2014,4.76
Lithuania,LTU,2015,5.05
Lithuania,LTU,2016,5.44
Lithuania,LTU,2017,5.69
Lithuania,LTU,2018,6.05
Lithuania,LTU,2019,6.27
Lithuania,LTU,2020,6.11
Luxembourg,LUX,2000,4.85
Luxembourg,LUX,2001,5.1
Luxembourg,LUX,2002,5.31
Luxembourg,LUX,2003,5.86
Luxembourg,LUX,2004,6.83
Luxembourg,LUX,2005,7.21
Luxembourg,LUX,2006,6.9
Luxembourg,LUX,2007,6.62
Luxembourg,LUX,2008,6.72
Luxembourg,LUX,2009,6.19
Luxembourg,LUX,2010,6.55
Luxembourg,LUX,2011,6.95
Luxembourg,LUX,2012,6.63
Luxembourg,LUX,2013,6.48
Luxembourg,LUX,2014,6.19
Luxembourg,LUX,2015,5.75
Luxembourg,LUX,2016,5.58
Luxembourg,LUX,2017,5.68
Luxembourg,LUX,2018,6.07
Luxembourg,LUX,2019,6.2
Luxembourg,LUX,2020,4.67
Malaysia,MYS,2000,32.21
Malaysia,MYS,2001,34.96
Malaysia,MYS,2002,35.8
Malaysia,MYS,2003,38.12
Malaysia,MYS,2004,40.96
Malaysia,MYS,2005,40.7
Malaysia,MYS,2006,39.0
Malaysia,MYS,2007,41.53
Malaysia,MYS,2008,43.62
Malaysia,MYS,2009,42.75
Malaysia,MYS,2010,44.1
Malaysia,MYS,2011,44.63
Malaysia,MYS,2012,44.4
Malaysia,MYS,2013,58.17
Malaysia,MYS,2014,65.160004
Malaysia,MYS,2015,61.21
Malaysia,MYS,2016,62.89
Malaysia,MYS,2017,60.57
Malaysia,MYS,2018,60.83
Malaysia,MYS,2019,64.78
Malaysia,MYS,2020,59.53
Maldives,MDV,2000,0.28
Maldives,MDV,2001,0.31
Maldives,MDV,2002,0.4
Maldives,MDV,2003,0.3
Maldives,MDV,2004,0.4
Maldives,MDV,2005,0.37
Maldives,MDV,2006,0.47
Maldives,MDV,2007,0.49
Maldives,MDV,2008,0.48
Maldives,MDV,2009,0.51
Maldives,MDV,2010,0.59
Maldives,MDV,2011,0.61
Maldives,MDV,2012,0.73
Maldives,MDV,2013,0.69
Maldives,MDV,2014,0.77
Maldives,MDV,2015,0.74
Maldives,MDV,2016,0.84
Maldives,MDV,2017,0.87
Maldives,MDV,2018,1.02
Maldives,MDV,2019,1.18
Maldives,MDV,2020,0.85
Malta,MLT,2000,0.46
Malta,MLT,2001,0.43
Malta,MLT,2002,0.29
Malta,MLT,2003,0.37
Malta,MLT,2004,0.45
Malta,MLT,2005,0.5
Malta,MLT,2006,0.51999997
Malta,MLT,2007,0.54
Malta,MLT,2008,0.58
Malta,MLT,2009,0.51999997
Malta,MLT,2010,0.56
Malta,MLT,2011,0.55
Malta,MLT,2012,0.54
Malta,MLT,2013,0.54
Malta,MLT,2014,0.55
Malta,MLT,2015,0.59
Malta,MLT,2016,0.59
Malta,MLT,2017,0.61
Malta,MLT,2018,0.68
Malta,MLT,2019,0.72
Malta,MLT,2020,0.58
Moldova,MDA,2000,0.71
Moldova,MDA,2001,0.71
Moldova,MDA,2002,0.96
Moldova,MDA,2003,1.13
Moldova,MDA,2004,1.26
Moldova,MDA,2005,1.19
Moldova,MDA,2006,1.2
Moldova,MDA,2007,1.31
Moldova,MDA,2008,1.59
Moldova,MDA,2009,1.51
Moldova,MDA,2010,1.74
Moldova,MDA,2011,1.86
Moldova,MDA,2012,1.63
Moldova,MDA,2013,1.72
Moldova,MDA,2014,1.79
Moldova,MDA,2015,1.95
Moldova,MDA,2016,2.05
Moldova,MDA,2017,2.06
Moldova,MDA,2018,2.1
Moldova,MDA,2019,2.16
Moldova,MDA,2020,2.02
Mongolia,MNG,2000,0.97
Mongolia,MNG,2001,0.93
Mongolia,MNG,2002,1.03999994
Mongolia,MNG,2003,1.0
Mongolia,MNG,2004,1.16
Mongolia,MNG,2005,1.03
Mongolia,MNG,2006,1.28
Mongolia,MNG,2007,1.54
Mongolia,MNG,2008,1.62
Mongolia,MNG,2009,1.48
Mongolia,MNG,2010,1.45
Mongolia,MNG,2011,1.72
Mongolia,MNG,2012,1.97
Mongolia,MNG,2013,1.92
Mongolia,MNG,2014,1.99
Mongolia,MNG,2015,2.01
Mongolia,MNG,2016,1.76
Mongolia,MNG,2017,2.11
Mongolia,MNG,2018,2.17
Mongolia,MNG,2019,2.72
Mongolia,MNG,2020,2.79
Montenegro,MNE,2005,0.47
Montenegro,MNE,2006,0.46
Montenegro,MNE,2007,0.61
Montenegro,MNE,2008,0.61
Montenegro,MNE,2009,0.63
Montenegro,MNE,2010,0.69
Montenegro,MNE,2011,0.65
Montenegro,MNE,2012,0.61
Montenegro,MNE,2013,0.5
Montenegro,MNE,2014,0.49
Montenegro,MNE,2015,0.56
Montenegro,MNE,2016,0.66
Montenegro,MNE,2017,0.71
Montenegro,MNE,2018,0.76
Montenegro,MNE,2019,0.8
Montenegro,MNE,2020,0.69
Myanmar,MMR,2000,3.51
Myanmar,MMR,2001,2.82
Myanmar,MMR,2002,3.47
Myanmar,MMR,2003,3.88
Myanmar,MMR,2004,4.32
Myanmar,MMR,2005,4.75
Myanmar,MMR,2006,3.99
Myanmar,MMR,2007,4.48
Myanmar,MMR,2008,2.1
Myanmar,MMR,2009,2.19
Myanmar,MMR,2010,2.3
Myanmar,MMR,2011,2.36
Myanmar,MMR,2012,3.03
Myanmar,MMR,2013,3.51
Myanmar,MMR,2014,3.96
Myanmar,MMR,2015,4.33
Myanmar,MMR,2016,4.44
Myanmar,MMR,2017,5.93
Myanmar,MMR,2018,6.1
Myanmar,MMR,2019,6.36
Myanmar,MMR,2020,6.01
Nepal,NPL,2000,0.83
Nepal,NPL,2001,0.75
Nepal,NPL,2002,0.79
Nepal,NPL,2003,0.78
Nepal,NPL,2004,0.84
Nepal,NPL,2005,0.84
Nepal,NPL,2006,0.88
Nepal,NPL,2007,0.91
Nepal,NPL,2008,1.34
Nepal,NPL,2009,1.75
Nepal,NPL,2010,1.94
Nepal,NPL,2011,1.96
Nepal,NPL,2012,2.16
Nepal,NPL,2013,2.44
Nepal,NPL,2014,2.72
Nepal,NPL,2015,2.34
Nepal,NPL,2016,3.9
Nepal,NPL,2017,4.85
Nepal,NPL,2018,5.34
Nepal,NPL,2019,4.63
Nepal,NPL,2020,5.3
Netherlands,NLD,2000,32.099998
Netherlands,NLD,2001,32.369998
Netherlands,NLD,2002,33.130002
Netherlands,NLD,2003,33.66
Netherlands,NLD,2004,34.19
Netherlands,NLD,2005,34.42
Netherlands,NLD,2006,35.31
Netherlands,NLD,2007,34.59
Netherlands,NLD,2008,34.95
Netherlands,NLD,2009,33.439998
Netherlands,NLD,2010,34.05
Netherlands,NLD,2011,34.15
Netherlands,NLD,2012,32.68
Netherlands,NLD,2013,31.81
Netherlands,NLD,2014,29.46
Netherlands,NLD,2015,30.0
Netherlands,NLD,2016,30.19
Netherlands,NLD,2017,30.8
Netherlands,NLD,2018,30.84
Netherlands,NLD,2019,30.27
Netherlands,NLD,2020,25.82
North Korea,PRK,2000,1.71
North Korea,PRK,2001,1.57
North Korea,PRK,2002,1.57
North Korea,PRK,2003,1.53
North Korea,PRK,2004,1.55
North Korea,PRK,2005,1.3
North Korea,PRK,2006,1.0
North Korea,PRK,2007,1.19
North Korea,PRK,2008,1.22
North Korea,PRK,2009,1.32
North Korea,PRK,2010,1.32
North Korea,PRK,2011,1.33
North Korea,PRK,2012,1.32
North Korea,PRK,2013,1.44
North Korea,PRK,2014,1.34
North Korea,PRK,2015,1.41
North Korea,PRK,2016,1.45
North Korea,PRK,2017,4.89
North Korea,PRK,2018,4.63
North Korea,PRK,2019,5.06
North Korea,PRK,2020,4.82
North Macedonia,MKD,2000,0.98
North Macedonia,MKD,2001,0.94
North Macedonia,MKD,2002,0.99
North Macedonia,MKD,2003,0.99
North Macedonia,MKD,2004,1.01
North Macedonia,MKD,2005,1.02
North Macedonia,MKD,2006,1.02
North Macedonia,MKD,2007,1.17
North Macedonia,MKD,2008,1.2
North Macedonia,MKD,2009,1.29
North Macedonia,MKD,2010,1.35
North Macedonia,MKD,2011,1.42
North Macedonia,MKD,2012,1.36
North Macedonia,MKD,2013,1.54
North Macedonia,MKD,2014,1.62
North Macedonia,MKD,2015,1.8
North Macedonia,MKD,2016,2.05
North Macedonia,MKD,2017,2.13
North Macedonia,MKD,2018,2.13
North Macedonia,MKD,2019,2.31
North Macedonia,MKD,2020,1.96
Norway,NOR,2000,12.06
Norway,NOR,2001,12.26
Norway,NOR,2002,12.26
Norway,NOR,2003,12.64
Norway,NOR,2004,13.01
Norway,NOR,2005,13.07
Norway,NOR,2006,13.68
Norway,NOR,2007,14.27
Norway,NOR,2008,13.93
Norway,NOR,2009,13.63
Norway,NOR,2010,14.14
Norway,NOR,2011,14.13
Norway,NOR,2012,14.26
Norway,NOR,2013,14.19
Norway,NOR,2014,14.56
Norway,NOR,2015,14.36
Norway,NOR,2016,13.86
Norway,NOR,2017,13.0
Norway,NOR,2018,12.93
Norway,NOR,2019,12.72
Norway,NOR,2020,11.98
Oman,OMN,2000,2.62
Oman,OMN,2001,2.88
Oman,OMN,2002,2.81
Oman,OMN,2003,3.04
Oman,OMN,2004,3.21
Oman,OMN,2005,3.67
Oman,OMN,2006,4.0900002
Oman,OMN,2007,6.17
Oman,OMN,2008,7.32
Oman,OMN,2009,7.44
Oman,OMN,2010,8.25
Oman,OMN,2011,9.56
Oman,OMN,2012,10.84
Oman,OMN,2013,11.95
Oman,OMN,2014,12.54
Oman,OMN,2015,13.21
Oman,OMN,2016,12.41
Oman,OMN,2017,12.3
Oman,OMN,2018,12.14
Oman,OMN,2019,12.09
Oman,OMN,2020,10.05
Pakistan,PAK,2000,25.6
Pakistan,PAK,2001,25.53
Pakistan,PAK,2002,25.87
Pakistan,PAK,2003,27.13
Pakistan,PAK,2004,29.26
Pakistan,PAK,2005,27.2
Pakistan,PAK,2006,27.59
Pakistan,PAK,2007,33.2
Pakistan,PAK,2008,32.169998
Pakistan,PAK,2009,32.689998
Pakistan,PAK,2010,33.36
Pakistan,PAK,2011,34.95
Pakistan,PAK,2012,35.75
Pakistan,PAK,2013,36.59
Pakistan,PAK,2014,39.06
Pakistan,PAK,2015,44.07
Pakistan,PAK,2016,49.13
Pakistan,PAK,2017,53.84
Pakistan,PAK,2018,49.34
Pakistan,PAK,2019,45.9
Pakistan,PAK,2020,44.8
Philippines,PHL,2000,25.24
Philippines,PHL,2001,25.17
Philippines,PHL,2002,26.1
Philippines,PHL,2003,25.5
Philippines,PHL,2004,26.39
Philippines,PHL,2005,25.11
Philippines,PHL,2006,23.58
Philippines,PHL,2007,23.71
Philippines,PHL,2008,22.72
Philippines,PHL,2009,23.59
Philippines,PHL,2010,23.75
Philippines,PHL,2011,23.53
Philippines,PHL,2012,24.49
Philippines,PHL,2013,25.56
Philippines,PHL,2014,26.65
Philippines,PHL,2015,30.82
Philippines,PHL,2016,33.34
Philippines,PHL,2017,34.46
Philippines,PHL,2018,35.64
Philippines,PHL,2019,36.91
Philippines,PHL,2020,28.46
Poland,POL,2000,26.97
Poland,POL,2001,26.8
Poland,POL,2002,25.88
Poland,POL,2003,28.3
Poland,POL,2004,32.09
Poland,POL,2005,34.51
Poland,POL,2006,38.26
Poland,POL,2007,42.33
Poland,POL,2008,44.28
Poland,POL,2009,44.69
Poland,POL,2010,47.12
Poland,POL,2011,47.72
Poland,POL,2012,45.87
Poland,POL,2013,43.18
Poland,POL,2014,43.79
Poland,POL,2015,46.65
Poland,POL,2016,53.26
Poland,POL,2017,61.54
Poland,POL,2018,63.32
Poland,POL,2019,64.29
Poland,POL,2020,61.38
Portugal,PRT,2000,17.61
Portugal,PRT,2001,17.85
Portugal,PRT,2002,18.49
Portugal,PRT,2003,19.44
Portugal,PRT,2004,19.9
Portugal,PRT,2005,19.07
Portugal,PRT,2006,19.02
Portugal,PRT,2007,19.18
Portugal,PRT,2008,19.24
Portugal,PRT,2009,18.96
Portugal,PRT,2010,18.53
Portugal,PRT,2011,17.2
Portugal,PRT,2012,15.83
Portugal,PRT,2013,15.6
Portugal,PRT,2014,15.69
Portugal,PRT,2015,15.77
Portugal,PRT,2016,16.35
Portugal,PRT,2017,16.700001
Portugal,PRT,2018,16.82
Portugal,PRT,2019,17.2
Portugal,PRT,2020,14.35
Qatar,QAT,2000,2.42
Qatar,QAT,2001,2.62
Qatar,QAT,2002,2.9
Qatar,QAT,2003,3.36
Qatar,QAT,2004,3.76
Qatar,QAT,2005,4.73
Qatar,QAT,2006,5.65
Qatar,QAT,2007,6.55
Qatar,QAT,2008,8.41
Qatar,QAT,2009,8.46
Qatar,QAT,2010,8.87
Qatar,QAT,2011,9.85
Qatar,QAT,2012,9.3
Qatar,QAT,2013,10.19
Qatar,QAT,2014,12.27
Qatar,QAT,2015,12.79
Qatar,QAT,2016,13.18
Qatar,QAT,2017,13.45
Qatar,QAT,2018,11.76
Qatar,QAT,2019,12.19
Qatar,QAT,2020,11.81
Romania,ROU,2000,9.43
Romania,ROU,2001,11.54
Romania,ROU,2002,11.78
Romania,ROU,2003,12.41
Romania,ROU,2004,12.88
Romania,ROU,2005,12.04
Romania,ROU,2006,12.52
Romania,ROU,2007,13.27
Romania,ROU,2008,14.85
Romania,ROU,2009,14.88
Romania,ROU,2010,13.81
Romania,ROU,2011,14.03
Romania,ROU,2012,15.31
Romania,ROU,2013,14.92
Romania,ROU,2014,15.27
Romania,ROU,2015,15.39
Romania,ROU,2016,16.459999
Romania,ROU,2017,17.59
Romania,ROU,2018,18.08
Romania,ROU,2019,18.55
Romania,ROU,2020,18.0
Russia,RUS,2000,189.17
Russia,RUS,2001,195.64
Russia,RUS,2002,198.61
Russia,RUS,2003,207.55
Russia,RUS,2004,222.18
Russia,RUS,2005,220.89
Russia,RUS,2006,229.17
Russia,RUS,2007,230.71
Russia,RUS,2008,245.3
Russia,RUS,2009,228.32
Russia,RUS,2010,244.13
Russia,RUS,2011,249.69
Russia,RUS,2012,237.32
Russia,RUS,2013,238.7
Russia,RUS,2014,241.39
Russia,RUS,2015,240.61
Russia,RUS,2016,240.2
Russia,RUS,2017,246.06
Russia,RUS,2018,258.85998
Russia,RUS,2019,256.1
Russia,RUS,2020,234.02
Saudi Arabia,SAU,2000,60.94
Saudi Arabia,SAU,2001,62.72
Saudi Arabia,SAU,2002,66.410004
Saudi Arabia,SAU,2003,68.68
Saudi Arabia,SAU,2004,72.17
Saudi Arabia,SAU,2005,75.75
Saudi Arabia,SAU,2006,81.86
Saudi Arabia,SAU,2007,91.26
Saudi Arabia,SAU,2008,98.53
Saudi Arabia,SAU,2009,101.55
Saudi Arabia,SAU,2010,105.4
Saudi Arabia,SAU,2011,116.54
Saudi Arabia,SAU,2012,126.81
Saudi Arabia,SAU,2013,128.89999
Saudi Arabia,SAU,2014,136.72
Saudi Arabia,SAU,2015,146.94
Saudi Arabia,SAU,2016,146.45
Saudi Arabia,SAU,2017,142.91
Saudi Arabia,SAU,2018,136.1
Saudi Arabia,SAU,2019,136.68
Saudi Arabia,SAU,2020,122.7
Serbia,SRB,2000,2.33
Serbia,SRB,2001,3.7
Serbia,SRB,2002,4.49
Serbia,SRB,2003,4.92
Serbia,SRB,2004,6.28
Serbia,SRB,2005,6.56
Serbia,SRB,2006,7.09
Serbia,SRB,2007,5.54
Serbia,SRB,2008,6.93
Serbia,SRB,2009,6.52
Serbia,SRB,2010,6.58
Serbia,SRB,2011,5.94
Serbia,SRB,2012,5.23
Serbia,SRB,2013,5.77
Serbia,SRB,2014,6.02
Serbia,SRB,2015,5.87
Serbia,SRB,2016,6.01
Serbia,SRB,2017,6.28
Serbia,SRB,2018,6.37
Serbia,SRB,2019,6.89
Serbia,SRB,2020,6.56
Singapore,SGP,2000,5.22
Singapore,SGP,2001,5.32
Singapore,SGP,2002,5.29
Singapore,SGP,2003,5.31
Singapore,SGP,2004,5.41
Singapore,SGP,2005,5.59
Singapore,SGP,2006,5.81
Singapore,SGP,2007,6.01
Singapore,SGP,2008,6.12
Singapore,SGP,2009,6.7
Singapore,SGP,2010,6.79
Singapore,SGP,2011,7.25
Singapore,SGP,2012,7.01
Singapore,SGP,2013,6.51
Singapore,SGP,2014,6.73
Singapore,SGP,2015,7.22
Singapore,SGP,2016,7.4
Singapore,SGP,2017,6.64
Singapore,SGP,2018,6.38
Singapore,SGP,2019,6.3
Singapore,SGP,2020,6.17
Slovakia,SVK,2000,4.06
Slovakia,SVK,2001,5.35
Slovakia,SVK,2002,6.15
Slovakia,SVK,2003,5.63
Slovakia,SVK,2004,5.93
Slovakia,SVK,2005,6.51
Slovakia,SVK,2006,6.11
Slovakia,SVK,2007,6.69
Slovakia,SVK,2008,7.33
Slovakia,SVK,2009,6.32
Slovakia,SVK,2010,7.15
Slovakia,SVK,2011,7.12
Slovakia,SVK,2012,6.47
Slovakia,SVK,2013,6.48
Slovakia,SVK,2014,6.06
Slovakia,SVK,2015,5.97
Slovakia,SVK,2016,6.74
Slovakia,SVK,2017,7.8
Slovakia,SVK,2018,7.73
Slovakia,SVK,2019,7.83
Slovakia,SVK,2020,6.99
Slovenia,SVN,2000,3.53
Slovenia,SVN,2001,3.69
Slovenia,SVN,2002,3.8
Slovenia,SVN,2003,3.86
Slovenia,SVN,2004,4.04
Slovenia,SVN,2005,4.31
Slovenia,SVN,2006,4.55
Slovenia,SVN,2007,5.15
Slovenia,SVN,2008,6.06
Slovenia,SVN,2009,5.08
Slovenia,SVN,2010,5.21
Slovenia,SVN,2011,5.57
Slovenia,SVN,2012,5.58
Slovenia,SVN,2013,5.29
Slovenia,SVN,2014,5.3
Slovenia,SVN,2015,5.28
Slovenia,SVN,2016,5.65
Slovenia,SVN,2017,5.77
Slovenia,SVN,2018,5.74
Slovenia,SVN,2019,5.53
Slovenia,SVN,2020,4.5
South Korea,KOR,2000,77.78
South Korea,KOR,2001,80.98
South Korea,KOR,2002,86.38
South Korea,KOR,2003,88.3
South Korea,KOR,2004,88.95
South Korea,KOR,2005,86.06
South Korea,KOR,2006,85.96
South Korea,KOR,2007,88.64
South Korea,KOR,2008,84.17
South Korea,KOR,2009,85.07
South Korea,KOR,2010,86.61
South Korea,KOR,2011,85.12
South Korea,KOR,2012,87.58
South Korea,KOR,2013,90.88
South Korea,KOR,2014,92.46
South Korea,KOR,2015,98.4
South Korea,KOR,2016,101.31
South Korea,KOR,2017,103.47
South Korea,KOR,2018,101.66
South Korea,KOR,2019,106.22
South Korea,KOR,2020,98.94
Spain,ESP,2000,90.46
Spain,ESP,2001,94.63
Spain,ESP,2002,96.4
Spain,ESP,2003,101.38
Spain,ESP,2004,105.74
Spain,ESP,2005,109.51
Spain,ESP,2006,113.13
Spain,ESP,2007,116.1
Spain,ESP,2008,109.9
Spain,ESP,2009,101.3
Spain,ESP,2010,98.42
Spain,ESP,2011,91.96
Spain,ESP,2012,82.63
Spain,ESP,2013,81.62
Spain,ESP,2014,82.06
Spain,ESP,2015,85.11
Spain,ESP,2016,88.3
Spain,ESP,2017,91.16
Spain,ESP,2018,92.31
Spain,ESP,2019,93.67
Spain,ESP,2020,74.03
Sri Lanka,LKA,2000,5.16
Sri Lanka,LKA,2001,5.22
Sri Lanka,LKA,2002,5.32
Sri Lanka,LKA,2003,5.66
Sri Lanka,LKA,2004,5.84
Sri Lanka,LKA,2005,6.32
Sri Lanka,LKA,2006,5.99
Sri Lanka,LKA,2007,6.57
Sri Lanka,LKA,2008,6.02
Sri Lanka,LKA,2009,5.5
Sri Lanka,LKA,2010,6.92
Sri Lanka,LKA,2011,7.38
Sri Lanka,LKA,2012,7.98
Sri Lanka,LKA,2013,7.72
Sri Lanka,LKA,2014,8.0299995
Sri Lanka,LKA,2015,9.23
Sri Lanka,LKA,2016,11.29
Sri Lanka,LKA,2017,10.44
Sri Lanka,LKA,2018,9.95
Sri Lanka,LKA,2019,10.2
Sri Lanka,LKA,2020,8.89
Sweden,SWE,2000,21.21
Sweden,SWE,2001,21.14
Sweden,SWE,2002,21.35
Sweden,SWE,2003,21.64
Sweden,SWE,2004,22.04
Sweden,SWE,2005,20.99
Sweden,SWE,2006,21.11
Sweden,SWE,2007,21.26
Sweden,SWE,2008,20.81
Sweden,SWE,2009,20.29
Sweden,SWE,2010,20.67
Sweden,SWE,2011,20.37
Sweden,SWE,2012,19.35
Sweden,SWE,2013,18.85
Sweden,SWE,2014,18.36
Sweden,SWE,2015,18.41
Sweden,SWE,2016,17.59
Sweden,SWE,2017,17.33
Sweden,SWE,2018,16.43
Sweden,SWE,2019,16.360001
Sweden,SWE,2020,15.11
Switzerland,CHE,2000,16.549999
Switzerland,CHE,2001,16.24
Switzerland,CHE,2002,16.27
Switzerland,CHE,2003,16.389999
Switzerland,CHE,2004,16.49
Switzerland,CHE,2005,16.57
Switzerland,CHE,2006,16.700001
Switzerland,CHE,2007,17.04
Switzerland,CHE,2008,17.45
Switzerland,CHE,2009,17.24
Switzerland,CHE,2010,17.18
Switzerland,CHE,2011,16.98
Switzerland,CHE,2012,17.13
Switzerland,CHE,2013,17.08
Switzerland,CHE,2014,16.92
Switzerland,CHE,2015,16.200001
Switzerland,CHE,2016,16.040001
Switzerland,CHE,2017,15.75
Switzerland,CHE,2018,15.81
Switzerland,CHE,2019,15.76
Switzerland,CHE,2020,14.44
Syria,SYR,2000,8.46
Syria,SYR,2001,8.04
Syria,SYR,2002,8.72
Syria,SYR,2003,7.86
Syria,SYR,2004,10.34
Syria,SYR,2005,13.63
Syria,SYR,2006,14.47
Syria,SYR,2007,15.48
Syria,SYR,2008,15.69
Syria,SYR,2009,13.13
Syria,SYR,2010,12.96
Syria,SYR,2011,12.92
Syria,SYR,2012,10.57
Syria,SYR,2013,6.51
Syria,SYR,2014,6.04
Syria,SYR,2015,5.71
Syria,SYR,2016,5.15
Syria,SYR,2017,5.03
Syria,SYR,2018,6.54
Syria,SYR,2019,5.69
Syria,SYR,2020,5.19
Tajikistan,TJK,2000,0.04
Tajikistan,TJK,2001,0.09
Tajikistan,TJK,2002,0.12
Tajikistan,TJK,2003,0.1
Tajikistan,TJK,2004,0.12999999
Tajikistan,TJK,2005,0.12
Tajikistan,TJK,2006,0.16
Tajikistan,TJK,2007,0.25999998
Tajikistan,TJK,2008,0.25
Tajikistan,TJK,2009,0.24
Tajikistan,TJK,2010,0.27
Tajikistan,TJK,2011,0.29
Tajikistan,TJK,2012,0.88
Tajikistan,TJK,2013,0.9
Tajikistan,TJK,2014,1.54
Tajikistan,TJK,2015,1.33
Tajikistan,TJK,2016,1.29
Tajikistan,TJK,2017,1.18
Tajikistan,TJK,2018,1.23
Tajikistan,TJK,2019,1.36
Tajikistan,TJK,2020,1.69
Thailand,THA,2000,45.27
Thailand,THA,2001,46.41
Thailand,THA,2002,49.08
Thailand,THA,2003,52.26
Thailand,THA,2004,56.13
Thailand,THA,2005,56.16
Thailand,THA,2006,52.66
Thailand,THA,2007,55.63
Thailand,THA,2008,51.98
Thailand,THA,2009,54.91
Thailand,THA,2010,55.66
Thailand,THA,2011,58.49
Thailand,THA,2012,60.46
Thailand,THA,2013,59.84
Thailand,THA,2014,57.93
Thailand,THA,2015,61.74
Thailand,THA,2016,65.730004
Thailand,THA,2017,71.99
Thailand,THA,2018,72.11
Thailand,THA,2019,73.78
Thailand,THA,2020,73.15
Turkey,TUR,2000,34.74
Turkey,TUR,2001,33.310002
Turkey,TUR,2002,35.08
Turkey,TUR,2003,35.13
Turkey,TUR,2004,35.74
Turkey,TUR,2005,36.94
Turkey,TUR,2006,41.65
Turkey,TUR,2007,47.45
Turkey,TUR,2008,44.67
Turkey,TUR,2009,44.26
Turkey,TUR,2010,43.39
Turkey,TUR,2011,44.0
Turkey,TUR,2012,51.06
Turkey,TUR,2013,57.2
Turkey,TUR,2014,60.93
Turkey,TUR,2015,72.51
Turkey,TUR,2016,79.15
Turkey,TUR,2017,82.84
Turkey,TUR,2018,83.37
Turkey,TUR,2019,83.52
Turkey,TUR,2020,78.86
Turkmenistan,TKM,2000,6.5
Turkmenistan,TKM,2001,6.62
Turkmenistan,TKM,2002,7.56
Turkmenistan,TKM,2003,8.1899995
Turkmenistan,TKM,2004,8.2700005
Turkmenistan,TKM,2005,8.77
Turkmenistan,TKM,2006,8.72
Turkmenistan,TKM,2007,9.58
Turkmenistan,TKM,2008,9.54
Turkmenistan,TKM,2009,7.22
Turkmenistan,TKM,2010,8.26
Turkmenistan,TKM,2011,9.97
Turkmenistan,TKM,2012,10.39
Turkmenistan,TKM,2013,11.12
Turkmenistan,TKM,2014,11.77
Turkmenistan,TKM,2015,11.77
Turkmenistan,TKM,2016,12.13
Turkmenistan,TKM,2017,12.12
Turkmenistan,TKM,2018,12.19
Turkmenistan,TKM,2019,12.23
Turkmenistan,TKM,2020,12.08
Ukraine,UKR,2000,26.92
Ukraine,UKR,2001,28.47
Ukraine,UKR,2002,29.7
Ukraine,UKR,2003,29.17
Ukraine,UKR,2004,31.17
Ukraine,UKR,2005,30.59
Ukraine,UKR,2006,30.23
Ukraine,UKR,2007,39.95
Ukraine,UKR,2008,39.92
Ukraine,UKR,2009,33.419998
Ukraine,UKR,2010,33.91
Ukraine,UKR,2011,33.67
Ukraine,UKR,2012,31.25
Ukraine,UKR,2013,31.33
Ukraine,UKR,2014,26.91
Ukraine,UKR,2015,23.06
Ukraine,UKR,2016,24.29
Ukraine,UKR,2017,25.35
Ukraine,UKR,2018,25.1
Ukraine,UKR,2019,26.67
Ukraine,UKR,2020,21.7
United Arab Emirates,ARE,2000,14.85
United Arab Emirates,ARE,2001,16.280001
United Arab Emirates,ARE,2002,18.77
United Arab Emirates,ARE,2003,20.86
United Arab Emirates,ARE,2004,21.07
United Arab Emirates,ARE,2005,22.75
United Arab Emirates,ARE,2006,23.92
United Arab Emirates,ARE,2007,24.59
United Arab Emirates,ARE,2008,26.16
United Arab Emirates,ARE,2009,28.79
United Arab Emirates,ARE,2010,30.06
United Arab Emirates,ARE,2011,30.08
United Arab Emirates,ARE,2012,30.76
United Arab Emirates,ARE,2013,34.67
United Arab Emirates,ARE,2014,35.58
United Arab Emirates,ARE,2015,30.88
United Arab Emirates,ARE,2016,34.63
United Arab Emirates,ARE,2017,37.66
United Arab Emirates,ARE,2018,37.67
United Arab Emirates,ARE,2019,35.78
United Arab Emirates,ARE,2020,30.71
United Kingdom,GBR,2000,122.95
United Kingdom,GBR,2001,121.9
United Kingdom,GBR,2002,123.17
United Kingdom,GBR,2003,124.57
United Kingdom,GBR,2004,125.98
United Kingdom,GBR,2005,127.2
United Kingdom,GBR,2006,128.85001
United Kingdom,GBR,2007,129.55
United Kingdom,GBR,2008,122.74
United Kingdom,GBR,2009,118.32
United Kingdom,GBR,2010,116.85
United Kingdom,GBR,2011,115.4
United Kingdom,GBR,2012,114.91
United Kingdom,GBR,2013,114.17
United Kingdom,GBR,2014,115.64
United Kingdom,GBR,2015,118.82
United Kingdom,GBR,2016,121.63
United Kingdom,GBR,2017,122.09
United Kingdom,GBR,2018,120.56
United Kingdom,GBR,2019,118.53
United Kingdom,GBR,2020,94.43
Uzbekistan,UZB,2000,13.49
Uzbekistan,UZB,2001,13.89
Uzbekistan,UZB,2002,13.4
Uzbekistan,UZB,2003,12.17
Uzbekistan,UZB,2004,12.17
Uzbekistan,UZB,2005,12.21
Uzbekistan,UZB,2006,12.93
Uzbekistan,UZB,2007,12.91
Uzbekistan,UZB,2008,12.78
Uzbekistan,UZB,2009,11.99
Uzbekistan,UZB,2010,12.75
Uzbekistan,UZB,2011,12.34
Uzbekistan,UZB,2012,10.05
Uzbekistan,UZB,2013,8.88
Uzbekistan,UZB,2014,8.5
Uzbekistan,UZB,2015,8.01
Uzbekistan,UZB,2016,8.08
Uzbekistan,UZB,2017,8.74
Uzbekistan,UZB,2018,14.45
Uzbekistan,UZB,2019,14.98
Uzbekistan,UZB,2020,15.76
Vietnam,VNM,2000,10.57
Vietnam,VNM,2001,11.29
Vietnam,VNM,2002,13.84
Vietnam,VNM,2003,15.65
Vietnam,VNM,2004,19.16
Vietnam,VNM,2005,19.36
Vietnam,VNM,2006,19.34
Vietnam,VNM,2007,22.64
Vietnam,VNM,2008,24.1
Vietnam,VNM,2009,28.93
Vietnam,VNM,2010,31.07
Vietnam,VNM,2011,30.51
Vietnam,VNM,2012,30.06
Vietnam,VNM,2013,29.3
Vietnam,VNM,2014,29.96
Vietnam,VNM,2015,33.18
Vietnam,VNM,2016,36.79
Vietnam,VNM,2017,40.04
Vietnam,VNM,2018,41.85
Vietnam,VNM,2019,43.57
Vietnam,VNM,2020,36.63
Yemen,YEM,2000,4.4
Yemen,YEM,2001,4.84
Yemen,YEM,2002,4.25
Yemen,YEM,2003,5.03
Yemen,YEM,2004,5.22
Yemen,YEM,2005,5.57
Yemen,YEM,2006,5.17
Yemen,YEM,2007,4.72
Yemen,YEM,2008,5.04
Yemen,YEM,2009,8.1499995
Yemen,YEM,2010,7.15
Yemen,YEM,2011,6.66
Yemen,YEM,2012,5.48
Yemen,YEM,2013,8.3
Yemen,YEM,2014,8.38
Yemen,YEM,2015,3.13
Yemen,YEM,2016,2.59
Yemen,YEM,2017,2.44
Yemen,YEM,2018,3.04
Yemen,YEM,2019,3.06
Yemen,YEM,2020,2.71
