Reference area,ISO,Country,TIME_PERIOD,OBS_VALUE
Cyprus,CYP,Cyprus,2000,20.07
Cyprus,CYP,Cyprus,2001,19.83
Cyprus,CYP,Cyprus,2002,19.71
Cyprus,CYP,Cyprus,2003,20.74
Cyprus,CYP,Cyprus,2004,19.07
Cyprus,CYP,Cyprus,2005,19.29
Cyprus,CYP,Cyprus,2006,22.41
Cyprus,CYP,Cyprus,2007,19.72
Cyprus,CYP,Cyprus,2008,19.52
Cyprus,CYP,Cyprus,2009,17.95
Cyprus,CYP,Cyprus,2010,18.29
Cyprus,CYP,Cyprus,2011,18.26
Cyprus,CYP,Cyprus,2012,16.67
Cyprus,CYP,Cyprus,2013,16.03
Cyprus,CYP,Cyprus,2014,15.92
Cyprus,CYP,Cyprus,2015,16.72
Cyprus,CYP,Cyprus,2016,14.32
Cyprus,CYP,Cyprus,2017,14.97
Cyprus,CYP,Cyprus,2018,15.1
Cyprus,CYP,Cyprus,2019,14.88
Cyprus,CYP,Cyprus,2020,13.41
Bosnia and Herzegovina,BIH,Bosnia and Herzegovina,2000,37.05
Bosnia and Herzegovina,BIH,Bosnia and Herzegovina,2001,36.46
Bosnia and Herzegovina,BIH,Bosnia and Herzegovina,2002,40.31
Bosnia and Herzegovina,BIH,Bosnia and Herzegovina,2003,43.38
Bosnia and Herzegovina,BIH,Bosnia and Herzegovina,2004,38.37
Bosnia and Herzegovina,BIH,Bosnia and Herzegovina,2005,39.2
Bosnia and Herzegovina,BIH,Bosnia and Herzegovina,2006,40.77
Bosnia and Herzegovina,BIH,Bosnia and Herzegovina,2007,33.39
Bosnia and Herzegovina,BIH,Bosnia and Herzegovina,2008,33.37
Bosnia and Herzegovina,BIH,Bosnia and Herzegovina,2009,34.86
Bosnia and Herzegovina,BIH,Bosnia and Herzegovina,2010,35.43
Bosnia and Herzegovina,BIH,Bosnia and Herzegovina,2011,39.62
Bosnia and Herzegovina,BIH,Bosnia and Herzegovina,2012,35.66
Bosnia and Herzegovina,BIH,Bosnia and Herzegovina,2013,33.86
Bosnia and Herzegovina,BIH,Bosnia and Herzegovina,2014,32.63
Bosnia and Herzegovina,BIH,Bosnia and Herzegovina,2015,33.92
Bosnia and Herzegovina,BIH,Bosnia and Herzegovina,2016,30.47
Bosnia and Herzegovina,BIH,Bosnia and Herzegovina,2017,31.04
Bosnia and Herzegovina,BIH,Bosnia and Herzegovina,2018,32.56
Bosnia and Herzegovina,BIH,Bosnia and Herzegovina,2019,26.77
Bosnia and Herzegovina,BIH,Bosnia and Herzegovina,2020,26.65
Democratic People’s Republic of Korea,PRK,Democratic People’s Republic of Korea,2000,38.48
Democratic People’s Republic of Korea,PRK,Democratic People’s Republic of Korea,2001,40.15
Democratic People’s Republic of Korea,PRK,Democratic People’s Republic of Korea,2002,38.99
Democratic People’s Republic of Korea,PRK,Democratic People’s Republic of Korea,2003,41.25
Democratic People’s Republic of Korea,PRK,Democratic People’s Republic of Korea,2004,39.46
Democratic People’s Republic of Korea,PRK,Democratic People’s Republic of Korea,2005,39.73
Democratic People’s Republic of Korea,PRK,Democratic People’s Republic of Korea,2006,40.33
Democratic People’s Republic of Korea,PRK,Democratic People’s Republic of Korea,2007,39.59
Democratic People’s Republic of Korea,PRK,Democratic People’s Republic of Korea,2008,39.69
Democratic People’s Republic of Korea,PRK,Democratic People’s Republic of Korea,2009,43
Democratic People’s Republic of Korea,PRK,Democratic People’s Republic of Korea,2010,35.38
Democratic People’s Republic of Korea,PRK,Democratic People’s Republic of Korea,2011,38.4
Democratic People’s Republic of Korea,PRK,Democratic People’s Republic of Korea,2012,37.05
Democratic People’s Republic of Korea,PRK,Democratic People’s Republic of Korea,2013,45.36
Democratic People’s Republic of Korea,PRK,Democratic People’s Republic of Korea,2014,43.49
Democratic People’s Republic of Korea,PRK,Democratic People’s Republic of Korea,2015,42.03
Democratic People’s Republic of Korea,PRK,Democratic People’s Republic of Korea,2016,38.16
Democratic People’s Republic of Korea,PRK,Democratic People’s Republic of Korea,2017,38.72
Democratic People’s Republic of Korea,PRK,Democratic People’s Republic of Korea,2018,33.8
Democratic People’s Republic of Korea,PRK,Democratic People’s Republic of Korea,2019,30.77
Democratic People’s Republic of Korea,PRK,Democratic People’s Republic of Korea,2020,29.59
Turkmenistan,TKM,Turkmenistan,2000,17.22
Turkmenistan,TKM,Turkmenistan,2001,17.51
Turkmenistan,TKM,Turkmenistan,2002,17.07
Turkmenistan,TKM,Turkmenistan,2003,15.79
Turkmenistan,TKM,Turkmenistan,2004,15.71
Turkmenistan,TKM,Turkmenistan,2005,15.43
Turkmenistan,TKM,Turkmenistan,2006,16.54
Turkmenistan,TKM,Turkmenistan,2007,16.97
Turkmenistan,TKM,Turkmenistan,2008,17.5
Turkmenistan,TKM,Turkmenistan,2009,18.9
Turkmenistan,TKM,Turkmenistan,2010,19.79
Turkmenistan,TKM,Turkmenistan,2011,24.96
Turkmenistan,TKM,Turkmenistan,2012,24.97
Turkmenistan,TKM,Turkmenistan,2013,24.58
Turkmenistan,TKM,Turkmenistan,2014,23.25
Turkmenistan,TKM,Turkmenistan,2015,22.1
Turkmenistan,TKM,Turkmenistan,2016,21.86
Turkmenistan,TKM,Turkmenistan,2017,20.36
Turkmenistan,TKM,Turkmenistan,2018,20.66
Turkmenistan,TKM,Turkmenistan,2019,19.09
Turkmenistan,TKM,Turkmenistan,2020,18.4
Cambodia,KHM,Cambodia,2000,28.04
Cambodia,KHM,Cambodia,2001,26.96
Cambodia,KHM,Cambodia,2002,27.71
Cambodia,KHM,Cambodia,2003,27.37
Cambodia,KHM,Cambodia,2004,28.85
Cambodia,KHM,Cambodia,2005,28.47
Cambodia,KHM,Cambodia,2006,28.66
Cambodia,KHM,Cambodia,2007,28.9
Cambodia,KHM,Cambodia,2008,28.62
Cambodia,KHM,Cambodia,2009,26.78
Cambodia,KHM,Cambodia,2010,23.98
Cambodia,KHM,Cambodia,2011,20.84
Cambodia,KHM,Cambodia,2012,22.19
Cambodia,KHM,Cambodia,2013,24.93
Cambodia,KHM,Cambodia,2014,21.27
Cambodia,KHM,Cambodia,2015,20.85
Cambodia,KHM,Cambodia,2016,21.64
Cambodia,KHM,Cambodia,2017,19.97
Cambodia,KHM,Cambodia,2018,22.16
Cambodia,KHM,Cambodia,2019,22.07
Cambodia,KHM,Cambodia,2020,23.26
Moscow Oblast,RUS,Russia,2000,20.83
Moscow Oblast,RUS,Russia,2001,20.9
Moscow Oblast,RUS,Russia,2002,22.45
Moscow Oblast,RUS,Russia,2003,18.71
Moscow Oblast,RUS,Russia,2004,17.85
Moscow Oblast,RUS,Russia,2005,16.07
Moscow Oblast,RUS,Russia,2006,16.03
Moscow Oblast,RUS,Russia,2007,14.02
Moscow Oblast,RUS,Russia,2008,14.15
Moscow Oblast,RUS,Russia,2009,15.1
Moscow Oblast,RUS,Russia,2010,17.11
Moscow Oblast,RUS,Russia,2011,13.57
Moscow Oblast,RUS,Russia,2012,13.45
Moscow Oblast,RUS,Russia,2013,13.99
Moscow Oblast,RUS,Russia,2014,14.34
Moscow Oblast,RUS,Russia,2015,12.47
Moscow Oblast,RUS,Russia,2016,12.21
Moscow Oblast,RUS,Russia,2017,11.7
Moscow Oblast,RUS,Russia,2018,12.27
Moscow Oblast,RUS,Russia,2019,11.16
Moscow Oblast,RUS,Russia,2020,10.39
North Macedonia,MKD,North Macedonia,2000,41.08
North Macedonia,MKD,North Macedonia,2001,38.99
North Macedonia,MKD,North Macedonia,2002,42.42
North Macedonia,MKD,North Macedonia,2003,45.45
North Macedonia,MKD,North Macedonia,2004,40.22
North Macedonia,MKD,North Macedonia,2005,40.71
North Macedonia,MKD,North Macedonia,2006,41.73
North Macedonia,MKD,North Macedonia,2007,35.5
North Macedonia,MKD,North Macedonia,2008,35.75
North Macedonia,MKD,North Macedonia,2009,36.13
North Macedonia,MKD,North Macedonia,2010,36.61
North Macedonia,MKD,North Macedonia,2011,42.95
North Macedonia,MKD,North Macedonia,2012,38.38
North Macedonia,MKD,North Macedonia,2013,34.94
North Macedonia,MKD,North Macedonia,2014,36.06
North Macedonia,MKD,North Macedonia,2015,34.04
North Macedonia,MKD,North Macedonia,2016,32.07
North Macedonia,MKD,North Macedonia,2017,32.48
North Macedonia,MKD,North Macedonia,2018,33.06
North Macedonia,MKD,North Macedonia,2019,27.6
North Macedonia,MKD,North Macedonia,2020,27.86
Israel,ISR,Israel,2000,24.84
Israel,ISR,Israel,2001,24.28
Israel,ISR,Israel,2002,24.89
Israel,ISR,Israel,2003,26.91
Israel,ISR,Israel,2004,25.07
Israel,ISR,Israel,2005,24.47
Israel,ISR,Israel,2006,25.82
Israel,ISR,Israel,2007,25.14
Israel,ISR,Israel,2008,24.06
Israel,ISR,Israel,2009,23.55
Israel,ISR,Israel,2010,24.19
Israel,ISR,Israel,2011,24.05
Israel,ISR,Israel,2012,21.8
Israel,ISR,Israel,2013,22.34
Israel,ISR,Israel,2014,21.03
Israel,ISR,Israel,2015,21.95
Israel,ISR,Israel,2016,18.72
Israel,ISR,Israel,2017,19.86
Israel,ISR,Israel,2018,20.45
Israel,ISR,Israel,2019,19.49
Israel,ISR,Israel,2020,18.62
Latvia,LVA,Latvia,2000,22.88
Latvia,LVA,Latvia,2001,21.09
Latvia,LVA,Latvia,2002,24.59
Latvia,LVA,Latvia,2003,21.32
Latvia,LVA,Latvia,2004,18.21
Latvia,LVA,Latvia,2005,18.56
Latvia,LVA,Latvia,2006,18.29
Latvia,LVA,Latvia,2007,16.14
Latvia,LVA,Latvia,2008,15.79
Latvia,LVA,Latvia,2009,16.24
Latvia,LVA,Latvia,2010,18.12
Latvia,LVA,Latvia,2011,15.88
Latvia,LVA,Latvia,2012,15.3
Latvia,LVA,Latvia,2013,15.76
Latvia,LVA,Latvia,2014,16.45
Latvia,LVA,Latvia,2015,13.98
Latvia,LVA,Latvia,2016,12.89
Latvia,LVA,Latvia,2017,11.92
Latvia,LVA,Latvia,2018,14.56
Latvia,LVA,Latvia,2019,12.79
Latvia,LVA,Latvia,2020,11.81
Hong Kong (China),HKG,Hong Kong (China),2000,25.22
Hong Kong (China),HKG,Hong Kong (China),2001,25.88
Hong Kong (China),HKG,Hong Kong (China),2002,25.69
Hong Kong (China),HKG,Hong Kong (China),2003,26.35
Hong Kong (China),HKG,Hong Kong (China),2004,26.6
Hong Kong (China),HKG,Hong Kong (China),2005,27.19
Hong Kong (China),HKG,Hong Kong (China),2006,26.65
Hong Kong (China),HKG,Hong Kong (China),2007,26.86
Hong Kong (China),HKG,Hong Kong (China),2008,26.86
Hong Kong (China),HKG,Hong Kong (China),2009,28.44
Hong Kong (China),HKG,Hong Kong (China),2010,23.55
Hong Kong (China),HKG,Hong Kong (China),2011,25.81
Hong Kong (China),HKG,Hong Kong (China),2012,23.85
Hong Kong (China),HKG,Hong Kong (China),2013,28.71
Hong Kong (China),HKG,Hong Kong (China),2014,27.52
Hong Kong (China),HKG,Hong Kong (China),2015,25.48
Hong Kong (China),HKG,Hong Kong (China),2016,23.51
Hong Kong (China),HKG,Hong Kong (China),2017,23.53
Hong Kong (China),HKG,Hong Kong (China),2018,20.37
Hong Kong (China),HKG,Hong Kong (China),2019,19.32
Hong Kong (China),HKG,Hong Kong (China),2020,17.72
Liechtenstein,LIE,Liechtenstein,2000,14.67
Liechtenstein,LIE,Liechtenstein,2001,15.41
Liechtenstein,LIE,Liechtenstein,2002,14.86
Liechtenstein,LIE,Liechtenstein,2003,14.84
Liechtenstein,LIE,Liechtenstein,2004,12.7
Liechtenstein,LIE,Liechtenstein,2005,13.09
Liechtenstein,LIE,Liechtenstein,2006,13.88
Liechtenstein,LIE,Liechtenstein,2007,12.1
Liechtenstein,LIE,Liechtenstein,2008,11.85
Liechtenstein,LIE,Liechtenstein,2009,13.29
Liechtenstein,LIE,Liechtenstein,2010,11.97
Liechtenstein,LIE,Liechtenstein,2011,12.86
Liechtenstein,LIE,Liechtenstein,2012,12.3
Liechtenstein,LIE,Liechtenstein,2013,12.03
Liechtenstein,LIE,Liechtenstein,2014,10.88
Liechtenstein,LIE,Liechtenstein,2015,11.94
Liechtenstein,LIE,Liechtenstein,2016,11.6
Liechtenstein,LIE,Liechtenstein,2017,10.48
Liechtenstein,LIE,Liechtenstein,2018,10.81
Liechtenstein,LIE,Liechtenstein,2019,10.06
Liechtenstein,LIE,Liechtenstein,2020,9.86
Bangladesh,BGD,Bangladesh,2000,51.99
Bangladesh,BGD,Bangladesh,2001,52.88
Bangladesh,BGD,Bangladesh,2002,53.05
Bangladesh,BGD,Bangladesh,2003,53.16
Bangladesh,BGD,Bangladesh,2004,52.23
Bangladesh,BGD,Bangladesh,2005,53.81
Bangladesh,BGD,Bangladesh,2006,54.81
Bangladesh,BGD,Bangladesh,2007,54.85
Bangladesh,BGD,Bangladesh,2008,53.04
Bangladesh,BGD,Bangladesh,2009,55.94
Bangladesh,BGD,Bangladesh,2010,41.52
Bangladesh,BGD,Bangladesh,2011,51.55
Bangladesh,BGD,Bangladesh,2012,64.07
Bangladesh,BGD,Bangladesh,2013,63.39
Bangladesh,BGD,Bangladesh,2014,67.27
Bangladesh,BGD,Bangladesh,2015,63.19
Bangladesh,BGD,Bangladesh,2016,62.78
Bangladesh,BGD,Bangladesh,2017,57.45
Bangladesh,BGD,Bangladesh,2018,58.58
Bangladesh,BGD,Bangladesh,2019,49.58
Bangladesh,BGD,Bangladesh,2020,41.65
Beijing,CHN,China (People’s Republic of),2000,55.77
Beijing,CHN,China (People’s Republic of),2001,60.73
Beijing,CHN,China (People’s Republic of),2002,61.22
Beijing,CHN,China (People’s Republic of),2003,64.25
Beijing,CHN,China (People’s Republic of),2004,59.7
Beijing,CHN,China (People’s Republic of),2005,61.64
Beijing,CHN,China (People’s Republic of),2006,65.71
Beijing,CHN,China (People’s Republic of),2007,64.04
Beijing,CHN,China (People’s Republic of),2008,64.04
Beijing,CHN,China (People’s Republic of),2009,66.95
Beijing,CHN,China (People’s Republic of),2010,57.24
Beijing,CHN,China (People’s Republic of),2011,62.28
Beijing,CHN,China (People’s Republic of),2012,57.59
Beijing,CHN,China (People’s Republic of),2013,76.56
Beijing,CHN,China (People’s Republic of),2014,67.67
Beijing,CHN,China (People’s Republic of),2015,64.89
Beijing,CHN,China (People’s Republic of),2016,59.86
Beijing,CHN,China (People’s Republic of),2017,57.25
Beijing,CHN,China (People’s Republic of),2018,51.36
Beijing,CHN,China (People’s Republic of),2019,47.16
Beijing,CHN,China (People’s Republic of),2020,46.04
Bulgaria,BGR,Bulgaria,2000,25.09
Bulgaria,BGR,Bulgaria,2001,24.8
Bulgaria,BGR,Bulgaria,2002,27.36
Bulgaria,BGR,Bulgaria,2003,28.97
Bulgaria,BGR,Bulgaria,2004,25.16
Bulgaria,BGR,Bulgaria,2005,25.7
Bulgaria,BGR,Bulgaria,2006,26.98
Bulgaria,BGR,Bulgaria,2007,22.11
Bulgaria,BGR,Bulgaria,2008,22.74
Bulgaria,BGR,Bulgaria,2009,22.75
Bulgaria,BGR,Bulgaria,2010,22.99
Bulgaria,BGR,Bulgaria,2011,26.24
Bulgaria,BGR,Bulgaria,2012,23.12
Bulgaria,BGR,Bulgaria,2013,21.52
Bulgaria,BGR,Bulgaria,2014,22.04
Bulgaria,BGR,Bulgaria,2015,20.82
Bulgaria,BGR,Bulgaria,2016,20.02
Bulgaria,BGR,Bulgaria,2017,20.09
Bulgaria,BGR,Bulgaria,2018,19.79
Bulgaria,BGR,Bulgaria,2019,17.61
Bulgaria,BGR,Bulgaria,2020,17.21
Viet Nam,VNM,Viet Nam,2000,25.7
Viet Nam,VNM,Viet Nam,2001,24.82
Viet Nam,VNM,Viet Nam,2002,25.56
Viet Nam,VNM,Viet Nam,2003,24.82
Viet Nam,VNM,Viet Nam,2004,26.35
Viet Nam,VNM,Viet Nam,2005,26.28
Viet Nam,VNM,Viet Nam,2006,26.32
Viet Nam,VNM,Viet Nam,2007,26.98
Viet Nam,VNM,Viet Nam,2008,26.86
Viet Nam,VNM,Viet Nam,2009,24.74
Viet Nam,VNM,Viet Nam,2010,22.41
Viet Nam,VNM,Viet Nam,2011,19.94
Viet Nam,VNM,Viet Nam,2012,20.92
Viet Nam,VNM,Viet Nam,2013,22.61
Viet Nam,VNM,Viet Nam,2014,19.87
Viet Nam,VNM,Viet Nam,2015,18.88
Viet Nam,VNM,Viet Nam,2016,19.77
Viet Nam,VNM,Viet Nam,2017,18.09
Viet Nam,VNM,Viet Nam,2018,19.62
Viet Nam,VNM,Viet Nam,2019,20.21
Viet Nam,VNM,Viet Nam,2020,20.21
Japan,JPN,Japan,2000,12.76
Japan,JPN,Japan,2001,12.46
Japan,JPN,Japan,2002,12.35
Japan,JPN,Japan,2003,12.08
Japan,JPN,Japan,2004,12.02
Japan,JPN,Japan,2005,12.17
Japan,JPN,Japan,2006,12.26
Japan,JPN,Japan,2007,12.15
Japan,JPN,Japan,2008,12.33
Japan,JPN,Japan,2009,11.53
Japan,JPN,Japan,2010,10.84
Japan,JPN,Japan,2011,12.26
Japan,JPN,Japan,2012,12.76
Japan,JPN,Japan,2013,13.22
Japan,JPN,Japan,2014,13.73
Japan,JPN,Japan,2015,12.85
Japan,JPN,Japan,2016,12.77
Japan,JPN,Japan,2017,13.05
Japan,JPN,Japan,2018,12.95
Japan,JPN,Japan,2019,12.77
Japan,JPN,Japan,2020,12.62
Maldives,MDV,Maldives,2000,14.77
Maldives,MDV,Maldives,2001,14.82
Maldives,MDV,Maldives,2002,14.82
Maldives,MDV,Maldives,2003,15.27
Maldives,MDV,Maldives,2004,15.7
Maldives,MDV,Maldives,2005,14.95
Maldives,MDV,Maldives,2006,15.4
Maldives,MDV,Maldives,2007,15.95
Maldives,MDV,Maldives,2008,14.82
Maldives,MDV,Maldives,2009,15.54
Maldives,MDV,Maldives,2010,12.63
Maldives,MDV,Maldives,2011,11.03
Maldives,MDV,Maldives,2012,11.98
Maldives,MDV,Maldives,2013,12.46
Maldives,MDV,Maldives,2014,11.06
Maldives,MDV,Maldives,2015,10.6
Maldives,MDV,Maldives,2016,11.36
Maldives,MDV,Maldives,2017,10.65
Maldives,MDV,Maldives,2018,11.34
Maldives,MDV,Maldives,2019,11.65
Maldives,MDV,Maldives,2020,11.55
Istanbul,TUR,Türkiye,2000,24.08
Istanbul,TUR,Türkiye,2001,22.43
Istanbul,TUR,Türkiye,2002,23.63
Istanbul,TUR,Türkiye,2003,21.74
Istanbul,TUR,Türkiye,2004,21.24
Istanbul,TUR,Türkiye,2005,21.44
Istanbul,TUR,Türkiye,2006,22.23
Istanbul,TUR,Türkiye,2007,22.09
Istanbul,TUR,Türkiye,2008,22.73
Istanbul,TUR,Türkiye,2009,23.13
Istanbul,TUR,Türkiye,2010,23.34
Istanbul,TUR,Türkiye,2011,22.86
Istanbul,TUR,Türkiye,2012,23.31
Istanbul,TUR,Türkiye,2013,23.19
Istanbul,TUR,Türkiye,2014,22.71
Istanbul,TUR,Türkiye,2015,23.42
Istanbul,TUR,Türkiye,2016,22.64
Istanbul,TUR,Türkiye,2017,21.66
Istanbul,TUR,Türkiye,2018,21.83
Istanbul,TUR,Türkiye,2019,23.24
Istanbul,TUR,Türkiye,2020,21.08
Yemen,YEM,Yemen,2000,43.06
Yemen,YEM,Yemen,2001,36.71
Yemen,YEM,Yemen,2002,36.2
Yemen,YEM,Yemen,2003,37.51
Yemen,YEM,Yemen,2004,36.26
Yemen,YEM,Yemen,2005,37.1
Yemen,YEM,Yemen,2006,35.38
Yemen,YEM,Yemen,2007,36.44
Yemen,YEM,Yemen,2008,43.9
Yemen,YEM,Yemen,2009,41.08
Yemen,YEM,Yemen,2010,37.44
Yemen,YEM,Yemen,2011,41.25
Yemen,YEM,Yemen,2012,50.8
Yemen,YEM,Yemen,2013,46.26
Yemen,YEM,Yemen,2014,36.69
Yemen,YEM,Yemen,2015,41.96
Yemen,YEM,Yemen,2016,38.9
Yemen,YEM,Yemen,2017,40.13
Yemen,YEM,Yemen,2018,41.78
Yemen,YEM,Yemen,2019,39.65
Yemen,YEM,Yemen,2020,33.58
Timor-Leste,TLS,Timor-Leste,2000,19.4
Timor-Leste,TLS,Timor-Leste,2001,19.72
Timor-Leste,TLS,Timor-Leste,2002,20.27
Timor-Leste,TLS,Timor-Leste,2003,19.31
Timor-Leste,TLS,Timor-Leste,2004,20.82
Timor-Leste,TLS,Timor-Leste,2005,19.33
Timor-Leste,TLS,Timor-Leste,2006,19.85
Timor-Leste,TLS,Timor-Leste,2007,20.49
Timor-Leste,TLS,Timor-Leste,2008,20.21
Timor-Leste,TLS,Timor-Leste,2009,19.72
Timor-Leste,TLS,Timor-Leste,2010,16.68
Timor-Leste,TLS,Timor-Leste,2011,15.34
Timor-Leste,TLS,Timor-Leste,2012,16.54
Timor-Leste,TLS,Timor-Leste,2013,16.58
Timor-Leste,TLS,Timor-Leste,2014,15.85
Timor-Leste,TLS,Timor-Leste,2015,14.84
Timor-Leste,TLS,Timor-Leste,2016,15.34
Timor-Leste,TLS,Timor-Leste,2017,14.05
Timor-Leste,TLS,Timor-Leste,2018,15.88
Timor-Leste,TLS,Timor-Leste,2019,16.77
Timor-Leste,TLS,Timor-Leste,2020,16.5
Tajikistan,TJK,Tajikistan,2000,34.66
Tajikistan,TJK,Tajikistan,2001,34.33
Tajikistan,TJK,Tajikistan,2002,33.2
Tajikistan,TJK,Tajikistan,2003,31.81
Tajikistan,TJK,Tajikistan,2004,32.16
Tajikistan,TJK,Tajikistan,2005,31.8
Tajikistan,TJK,Tajikistan,2006,33.35
Tajikistan,TJK,Tajikistan,2007,34.19
Tajikistan,TJK,Tajikistan,2008,35.12
Tajikistan,TJK,Tajikistan,2009,36.31
Tajikistan,TJK,Tajikistan,2010,38.44
Tajikistan,TJK,Tajikistan,2011,51.31
Tajikistan,TJK,Tajikistan,2012,49.79
Tajikistan,TJK,Tajikistan,2013,49.35
Tajikistan,TJK,Tajikistan,2014,45.2
Tajikistan,TJK,Tajikistan,2015,44.14
Tajikistan,TJK,Tajikistan,2016,43.57
Tajikistan,TJK,Tajikistan,2017,41.02
Tajikistan,TJK,Tajikistan,2018,40.91
Tajikistan,TJK,Tajikistan,2019,39.02
Tajikistan,TJK,Tajikistan,2020,35.92
Qatar,QAT,Qatar,2000,86.35
Qatar,QAT,Qatar,2001,82.85
Qatar,QAT,Qatar,2002,75.05
Qatar,QAT,Qatar,2003,101.4
Qatar,QAT,Qatar,2004,93.43
Qatar,QAT,Qatar,2005,96.03
Qatar,QAT,Qatar,2006,86.88
Qatar,QAT,Qatar,2007,88.91
Qatar,QAT,Qatar,2008,100.34
Qatar,QAT,Qatar,2009,92.12
Qatar,QAT,Qatar,2010,80.4
Qatar,QAT,Qatar,2011,85.46
Qatar,QAT,Qatar,2012,93.17
Qatar,QAT,Qatar,2013,85.8
Qatar,QAT,Qatar,2014,72.91
Qatar,QAT,Qatar,2015,93.93
Qatar,QAT,Qatar,2016,80.97
Qatar,QAT,Qatar,2017,80.33
Qatar,QAT,Qatar,2018,89.91
Qatar,QAT,Qatar,2019,78.58
Qatar,QAT,Qatar,2020,73.18
Azerbaijan,AZE,Azerbaijan,2000,18.35
Azerbaijan,AZE,Azerbaijan,2001,18.4
Azerbaijan,AZE,Azerbaijan,2002,18.5
Azerbaijan,AZE,Azerbaijan,2003,18.18
Azerbaijan,AZE,Azerbaijan,2004,17.92
Azerbaijan,AZE,Azerbaijan,2005,18.22
Azerbaijan,AZE,Azerbaijan,2006,18.38
Azerbaijan,AZE,Azerbaijan,2007,18.07
Azerbaijan,AZE,Azerbaijan,2008,19.57
Azerbaijan,AZE,Azerbaijan,2009,20.89
Azerbaijan,AZE,Azerbaijan,2010,22.08
Azerbaijan,AZE,Azerbaijan,2011,26.24
Azerbaijan,AZE,Azerbaijan,2012,28.09
Azerbaijan,AZE,Azerbaijan,2013,26.93
Azerbaijan,AZE,Azerbaijan,2014,25.31
Azerbaijan,AZE,Azerbaijan,2015,24.19
Azerbaijan,AZE,Azerbaijan,2016,23.35
Azerbaijan,AZE,Azerbaijan,2017,22.22
Azerbaijan,AZE,Azerbaijan,2018,22.29
Azerbaijan,AZE,Azerbaijan,2019,21.13
Azerbaijan,AZE,Azerbaijan,2020,20.67
Mongolia,MNG,Mongolia,2000,21.8
Mongolia,MNG,Mongolia,2001,21.6
Mongolia,MNG,Mongolia,2002,24.13
Mongolia,MNG,Mongolia,2003,24.96
Mongolia,MNG,Mongolia,2004,21.69
Mongolia,MNG,Mongolia,2005,21.86
Mongolia,MNG,Mongolia,2006,22.74
Mongolia,MNG,Mongolia,2007,24.05
Mongolia,MNG,Mongolia,2008,24.33
Mongolia,MNG,Mongolia,2009,27.59
Mongolia,MNG,Mongolia,2010,30.27
Mongolia,MNG,Mongolia,2011,38.8
Mongolia,MNG,Mongolia,2012,41.42
Mongolia,MNG,Mongolia,2013,38.97
Mongolia,MNG,Mongolia,2014,35.04
Mongolia,MNG,Mongolia,2015,35.83
Mongolia,MNG,Mongolia,2016,36.77
Mongolia,MNG,Mongolia,2017,33.34
Mongolia,MNG,Mongolia,2018,32.35
Mongolia,MNG,Mongolia,2019,33.03
Mongolia,MNG,Mongolia,2020,31.17
San Marino,SMR,San Marino,2000,15.6
San Marino,SMR,San Marino,2001,14.35
San Marino,SMR,San Marino,2002,14.64
San Marino,SMR,San Marino,2003,15.55
San Marino,SMR,San Marino,2004,13.67
San Marino,SMR,San Marino,2005,14.3
San Marino,SMR,San Marino,2006,14.46
San Marino,SMR,San Marino,2007,13.34
San Marino,SMR,San Marino,2008,12.69
San Marino,SMR,San Marino,2009,12.87
San Marino,SMR,San Marino,2010,11.86
San Marino,SMR,San Marino,2011,12.86
San Marino,SMR,San Marino,2012,12
San Marino,SMR,San Marino,2013,11.54
San Marino,SMR,San Marino,2014,11.48
San Marino,SMR,San Marino,2015,11.96
San Marino,SMR,San Marino,2016,10.96
San Marino,SMR,San Marino,2017,11.3
San Marino,SMR,San Marino,2018,11.76
San Marino,SMR,San Marino,2019,10.51
San Marino,SMR,San Marino,2020,10.6
National Capital Territory of Delhi,IND,India,2000,121.3
National Capital Territory of Delhi,IND,India,2001,122.43
National Capital Territory of Delhi,IND,India,2002,126.86
National Capital Territory of Delhi,IND,India,2003,130.58
National Capital Territory of Delhi,IND,India,2004,125.21
National Capital Territory of Delhi,IND,India,2005,124.63
National Capital Territory of Delhi,IND,India,2006,125.44
National Capital Territory of Delhi,IND,India,2007,127.39
National Capital Territory of Delhi,IND,India,2008,124.83
National Capital Territory of Delhi,IND,India,2009,126.71
National Capital Territory of Delhi,IND,India,2010,99.54
National Capital Territory of Delhi,IND,India,2011,125.27
National Capital Territory of Delhi,IND,India,2012,145.3
National Capital Territory of Delhi,IND,India,2013,150.33
National Capital Territory of Delhi,IND,India,2014,153.26
National Capital Territory of Delhi,IND,India,2015,145.3
National Capital Territory of Delhi,IND,India,2016,148.86
National Capital Territory of Delhi,IND,India,2017,132.77
National Capital Territory of Delhi,IND,India,2018,136.28
National Capital Territory of Delhi,IND,India,2019,113.6
National Capital Territory of Delhi,IND,India,2020,92.2
Luxembourg,LUX,Luxembourg,2000,14.23
Luxembourg,LUX,Luxembourg,2001,13.63
Luxembourg,LUX,Luxembourg,2002,13.68
Luxembourg,LUX,Luxembourg,2003,14.96
Luxembourg,LUX,Luxembourg,2004,13.29
Luxembourg,LUX,Luxembourg,2005,13.51
Luxembourg,LUX,Luxembourg,2006,14.16
Luxembourg,LUX,Luxembourg,2007,13.09
Luxembourg,LUX,Luxembourg,2008,12.34
Luxembourg,LUX,Luxembourg,2009,12.41
Luxembourg,LUX,Luxembourg,2010,13
Luxembourg,LUX,Luxembourg,2011,12.69
Luxembourg,LUX,Luxembourg,2012,11.36
Luxembourg,LUX,Luxembourg,2013,11.7
Luxembourg,LUX,Luxembourg,2014,9.98
Luxembourg,LUX,Luxembourg,2015,10.38
Luxembourg,LUX,Luxembourg,2016,9.6
Luxembourg,LUX,Luxembourg,2017,9.59
Luxembourg,LUX,Luxembourg,2018,9.29
Luxembourg,LUX,Luxembourg,2019,8.47
Luxembourg,LUX,Luxembourg,2020,8.67
Lao People’s Democratic Republic,LAO,Lao People’s Democratic Republic,2000,26.97
Lao People’s Democratic Republic,LAO,Lao People’s Democratic Republic,2001,26.57
Lao People’s Democratic Republic,LAO,Lao People’s Democratic Republic,2002,27.15
Lao People’s Democratic Republic,LAO,Lao People’s Democratic Republic,2003,25.5
Lao People’s Democratic Republic,LAO,Lao People’s Democratic Republic,2004,27.59
Lao People’s Democratic Republic,LAO,Lao People’s Democratic Republic,2005,27.56
Lao People’s Democratic Republic,LAO,Lao People’s Democratic Republic,2006,26.58
Lao People’s Democratic Republic,LAO,Lao People’s Democratic Republic,2007,27.99
Lao People’s Democratic Republic,LAO,Lao People’s Democratic Republic,2008,26.4
Lao People’s Democratic Republic,LAO,Lao People’s Democratic Republic,2009,25.74
Lao People’s Democratic Republic,LAO,Lao People’s Democratic Republic,2010,23.26
Lao People’s Democratic Republic,LAO,Lao People’s Democratic Republic,2011,19.69
Lao People’s Democratic Republic,LAO,Lao People’s Democratic Republic,2012,21.54
Lao People’s Democratic Republic,LAO,Lao People’s Democratic Republic,2013,23.16
Lao People’s Democratic Republic,LAO,Lao People’s Democratic Republic,2014,20.51
Lao People’s Democratic Republic,LAO,Lao People’s Democratic Republic,2015,19.27
Lao People’s Democratic Republic,LAO,Lao People’s Democratic Republic,2016,21.41
Lao People’s Democratic Republic,LAO,Lao People’s Democratic Republic,2017,18.21
Lao People’s Democratic Republic,LAO,Lao People’s Democratic Republic,2018,19.92
Lao People’s Democratic Republic,LAO,Lao People’s Democratic Republic,2019,21.3
Lao People’s Democratic Republic,LAO,Lao People’s Democratic Republic,2020,21.19
Belarus,BLR,Belarus,2000,27.34
Belarus,BLR,Belarus,2001,26.54
Belarus,BLR,Belarus,2002,29.84
Belarus,BLR,Belarus,2003,23.77
Belarus,BLR,Belarus,2004,22.51
Belarus,BLR,Belarus,2005,21.5
Belarus,BLR,Belarus,2006,21.14
Belarus,BLR,Belarus,2007,19.52
Belarus,BLR,Belarus,2008,18.68
Belarus,BLR,Belarus,2009,19.55
Belarus,BLR,Belarus,2010,20.72
Belarus,BLR,Belarus,2011,18.5
Belarus,BLR,Belarus,2012,17.9
Belarus,BLR,Belarus,2013,18.79
Belarus,BLR,Belarus,2014,19.22
Belarus,BLR,Belarus,2015,17.43
Belarus,BLR,Belarus,2016,15.7
Belarus,BLR,Belarus,2017,15.67
Belarus,BLR,Belarus,2018,16.88
Belarus,BLR,Belarus,2019,15.55
Belarus,BLR,Belarus,2020,14.5
Malta,MLT,Malta,2000,17.68
Malta,MLT,Malta,2001,17.28
Malta,MLT,Malta,2002,17.49
Malta,MLT,Malta,2003,19.27
Malta,MLT,Malta,2004,17.69
Malta,MLT,Malta,2005,16.85
Malta,MLT,Malta,2006,16.59
Malta,MLT,Malta,2007,17.99
Malta,MLT,Malta,2008,17.04
Malta,MLT,Malta,2009,16.21
Malta,MLT,Malta,2010,17.16
Malta,MLT,Malta,2011,16.24
Malta,MLT,Malta,2012,14.2
Malta,MLT,Malta,2013,13.48
Malta,MLT,Malta,2014,13.59
Malta,MLT,Malta,2015,13.83
Malta,MLT,Malta,2016,12.64
Malta,MLT,Malta,2017,12.99
Malta,MLT,Malta,2018,13.2
Malta,MLT,Malta,2019,12.67
Malta,MLT,Malta,2020,11.76
United Kingdom,GBR,United Kingdom,2000,15.76
United Kingdom,GBR,United Kingdom,2001,13.94
United Kingdom,GBR,United Kingdom,2002,14.42
United Kingdom,GBR,United Kingdom,2003,17
United Kingdom,GBR,United Kingdom,2004,13.72
United Kingdom,GBR,United Kingdom,2005,14.17
United Kingdom,GBR,United Kingdom,2006,14.22
United Kingdom,GBR,United Kingdom,2007,13.92
United Kingdom,GBR,United Kingdom,2008,13.48
United Kingdom,GBR,United Kingdom,2009,12.54
United Kingdom,GBR,United Kingdom,2010,12.21
United Kingdom,GBR,United Kingdom,2011,12.75
United Kingdom,GBR,United Kingdom,2012,11.26
United Kingdom,GBR,United Kingdom,2013,11.16
United Kingdom,GBR,United Kingdom,2014,10.59
United Kingdom,GBR,United Kingdom,2015,10.25
United Kingdom,GBR,United Kingdom,2016,9.83
United Kingdom,GBR,United Kingdom,2017,10.18
United Kingdom,GBR,United Kingdom,2018,10.04
United Kingdom,GBR,United Kingdom,2019,9.75
United Kingdom,GBR,United Kingdom,2020,9.71
Myanmar,MMR,Myanmar,2000,37.79
Myanmar,MMR,Myanmar,2001,38.71
Myanmar,MMR,Myanmar,2002,39.63
Myanmar,MMR,Myanmar,2003,38.59
Myanmar,MMR,Myanmar,2004,40.47
Myanmar,MMR,Myanmar,2005,40.08
Myanmar,MMR,Myanmar,2006,39.98
Myanmar,MMR,Myanmar,2007,41.31
Myanmar,MMR,Myanmar,2008,39.97
Myanmar,MMR,Myanmar,2009,40.04
Myanmar,MMR,Myanmar,2010,33.97
Myanmar,MMR,Myanmar,2011,29.18
Myanmar,MMR,Myanmar,2012,32.86
Myanmar,MMR,Myanmar,2013,34.88
Myanmar,MMR,Myanmar,2014,30.98
Myanmar,MMR,Myanmar,2015,29.68
Myanmar,MMR,Myanmar,2016,30.9
Myanmar,MMR,Myanmar,2017,27.89
Myanmar,MMR,Myanmar,2018,31.25
Myanmar,MMR,Myanmar,2019,31.85
Myanmar,MMR,Myanmar,2020,31.95
Oman,OMN,Oman,2000,44.99
Oman,OMN,Oman,2001,43.59
Oman,OMN,Oman,2002,41.53
Oman,OMN,Oman,2003,45.86
Oman,OMN,Oman,2004,47.3
Oman,OMN,Oman,2005,45.33
Oman,OMN,Oman,2006,42.27
Oman,OMN,Oman,2007,42.3
Oman,OMN,Oman,2008,49.81
Oman,OMN,Oman,2009,44.1
Oman,OMN,Oman,2010,41.18
Oman,OMN,Oman,2011,47.49
Oman,OMN,Oman,2012,50.36
Oman,OMN,Oman,2013,46.06
Oman,OMN,Oman,2014,40.3
Oman,OMN,Oman,2015,46.17
Oman,OMN,Oman,2016,44
Oman,OMN,Oman,2017,47.02
Oman,OMN,Oman,2018,47.65
Oman,OMN,Oman,2019,43.43
Oman,OMN,Oman,2020,38.46
Nepal,NPL,Nepal,2000,55.51
Nepal,NPL,Nepal,2001,59.13
Nepal,NPL,Nepal,2002,59.18
Nepal,NPL,Nepal,2003,59.33
Nepal,NPL,Nepal,2004,57.77
Nepal,NPL,Nepal,2005,57.59
Nepal,NPL,Nepal,2006,60.07
Nepal,NPL,Nepal,2007,60.86
Nepal,NPL,Nepal,2008,59.24
Nepal,NPL,Nepal,2009,61.12
Nepal,NPL,Nepal,2010,47.05
Nepal,NPL,Nepal,2011,56.07
Nepal,NPL,Nepal,2012,69.52
Nepal,NPL,Nepal,2013,69.49
Nepal,NPL,Nepal,2014,72.9
Nepal,NPL,Nepal,2015,69.18
Nepal,NPL,Nepal,2016,70.59
Nepal,NPL,Nepal,2017,62.72
Nepal,NPL,Nepal,2018,62.24
Nepal,NPL,Nepal,2019,55.41
Nepal,NPL,Nepal,2020,44.22
Switzerland,CHE,Switzerland,2000,16.18
Switzerland,CHE,Switzerland,2001,15.4
Switzerland,CHE,Switzerland,2002,14.99
Switzerland,CHE,Switzerland,2003,16.26
Switzerland,CHE,Switzerland,2004,13.78
Switzerland,CHE,Switzerland,2005,14.24
Switzerland,CHE,Switzerland,2006,15.21
Switzerland,CHE,Switzerland,2007,13.64
Switzerland,CHE,Switzerland,2008,13.32
Switzerland,CHE,Switzerland,2009,14.11
Switzerland,CHE,Switzerland,2010,13.16
Switzerland,CHE,Switzerland,2011,13.76
Switzerland,CHE,Switzerland,2012,12.6
Switzerland,CHE,Switzerland,2013,12.36
Switzerland,CHE,Switzerland,2014,10.55
Switzerland,CHE,Switzerland,2015,11.63
Switzerland,CHE,Switzerland,2016,10.58
Switzerland,CHE,Switzerland,2017,9.86
Switzerland,CHE,Switzerland,2018,10.08
Switzerland,CHE,Switzerland,2019,9.39
Switzerland,CHE,Switzerland,2020,9
Sweden,SWE,Sweden,2000,9.71
Sweden,SWE,Sweden,2001,8.15
Sweden,SWE,Sweden,2002,8.53
Sweden,SWE,Sweden,2003,9.45
Sweden,SWE,Sweden,2004,8.07
Sweden,SWE,Sweden,2005,8.44
Sweden,SWE,Sweden,2006,9.4
Sweden,SWE,Sweden,2007,8.23
Sweden,SWE,Sweden,2008,7.59
Sweden,SWE,Sweden,2009,7.68
Sweden,SWE,Sweden,2010,7.84
Sweden,SWE,Sweden,2011,7.92
Sweden,SWE,Sweden,2012,6.62
Sweden,SWE,Sweden,2013,6.57
Sweden,SWE,Sweden,2014,6.77
Sweden,SWE,Sweden,2015,6.31
Sweden,SWE,Sweden,2016,5.7
Sweden,SWE,Sweden,2017,6.07
Sweden,SWE,Sweden,2018,6.29
Sweden,SWE,Sweden,2019,6.06
Sweden,SWE,Sweden,2020,5.64
France,FRA,France,2000,15.76
France,FRA,France,2001,15.15
France,FRA,France,2002,14.78
France,FRA,France,2003,16.42
France,FRA,France,2004,14.24
France,FRA,France,2005,14.57
France,FRA,France,2006,15.38
France,FRA,France,2007,14.62
France,FRA,France,2008,13.41
France,FRA,France,2009,13.77
France,FRA,France,2010,13.47
France,FRA,France,2011,13.48
France,FRA,France,2012,12.3
France,FRA,France,2013,12.2
France,FRA,France,2014,10.52
France,FRA,France,2015,11.16
France,FRA,France,2016,10.37
France,FRA,France,2017,10.33
France,FRA,France,2018,10.34
France,FRA,France,2019,9.72
France,FRA,France,2020,9.49
Afghanistan,AFG,Afghanistan,2000,62.65
Afghanistan,AFG,Afghanistan,2001,63.55
Afghanistan,AFG,Afghanistan,2002,63.49
Afghanistan,AFG,Afghanistan,2003,62.67
Afghanistan,AFG,Afghanistan,2004,61.41
Afghanistan,AFG,Afghanistan,2005,61.4
Afghanistan,AFG,Afghanistan,2006,63.37
Afghanistan,AFG,Afghanistan,2007,62.4
Afghanistan,AFG,Afghanistan,2008,61.53
Afghanistan,AFG,Afghanistan,2009,62.42
Afghanistan,AFG,Afghanistan,2010,48.32
Afghanistan,AFG,Afghanistan,2011,60.11
Afghanistan,AFG,Afghanistan,2012,68.93
Afghanistan,AFG,Afghanistan,2013,71.17
Afghanistan,AFG,Afghanistan,2014,74.76
Afghanistan,AFG,Afghanistan,2015,71.37
Afghanistan,AFG,Afghanistan,2016,70.54
Afghanistan,AFG,Afghanistan,2017,63.98
Afghanistan,AFG,Afghanistan,2018,65.2
Afghanistan,AFG,Afghanistan,2019,56.61
Afghanistan,AFG,Afghanistan,2020,44.72
Italy,ITA,Italy,2000,25.46
Italy,ITA,Italy,2001,22.05
Italy,ITA,Italy,2002,23.25
Italy,ITA,Italy,2003,24.73
Italy,ITA,Italy,2004,22.09
Italy,ITA,Italy,2005,22.65
Italy,ITA,Italy,2006,22.76
Italy,ITA,Italy,2007,21.53
Italy,ITA,Italy,2008,20.22
Italy,ITA,Italy,2009,20.52
Italy,ITA,Italy,2010,19.57
Italy,ITA,Italy,2011,20.7
Italy,ITA,Italy,2012,18.22
Italy,ITA,Italy,2013,17.53
Italy,ITA,Italy,2014,16.43
Italy,ITA,Italy,2015,17.27
Italy,ITA,Italy,2016,15.29
Italy,ITA,Italy,2017,15.56
Italy,ITA,Italy,2018,15.92
Italy,ITA,Italy,2019,14.53
Italy,ITA,Italy,2020,14.31
Lithuania,LTU,Lithuania,2000,17.96
Lithuania,LTU,Lithuania,2001,16.99
Lithuania,LTU,Lithuania,2002,19.08
Lithuania,LTU,Lithuania,2003,16.57
Lithuania,LTU,Lithuania,2004,14.35
Lithuania,LTU,Lithuania,2005,14.41
Lithuania,LTU,Lithuania,2006,14.19
Lithuania,LTU,Lithuania,2007,12.98
Lithuania,LTU,Lithuania,2008,12.33
Lithuania,LTU,Lithuania,2009,12.53
Lithuania,LTU,Lithuania,2010,13.84
Lithuania,LTU,Lithuania,2011,12.32
Lithuania,LTU,Lithuania,2012,12.38
Lithuania,LTU,Lithuania,2013,12.42
Lithuania,LTU,Lithuania,2014,12.78
Lithuania,LTU,Lithuania,2015,11.33
Lithuania,LTU,Lithuania,2016,10.26
Lithuania,LTU,Lithuania,2017,9.83
Lithuania,LTU,Lithuania,2018,11.11
Lithuania,LTU,Lithuania,2019,10.28
Lithuania,LTU,Lithuania,2020,9.23
Philippines,PHL,Philippines,2000,29.64
Philippines,PHL,Philippines,2001,26.39
Philippines,PHL,Philippines,2002,27.1
Philippines,PHL,Philippines,2003,27.78
Philippines,PHL,Philippines,2004,28.7
Philippines,PHL,Philippines,2005,28.57
Philippines,PHL,Philippines,2006,28.86
Philippines,PHL,Philippines,2007,28.19
Philippines,PHL,Philippines,2008,27.9
Philippines,PHL,Philippines,2009,26.56
Philippines,PHL,Philippines,2010,22.23
Philippines,PHL,Philippines,2011,19.6
Philippines,PHL,Philippines,2012,21.09
Philippines,PHL,Philippines,2013,22.04
Philippines,PHL,Philippines,2014,19.73
Philippines,PHL,Philippines,2015,19.18
Philippines,PHL,Philippines,2016,19.24
Philippines,PHL,Philippines,2017,17.77
Philippines,PHL,Philippines,2018,19.91
Philippines,PHL,Philippines,2019,20.84
Philippines,PHL,Philippines,2020,19.64
Luxembourg,LUX,Luxembourg,2000,14.23
Luxembourg,LUX,Luxembourg,2001,13.63
Luxembourg,LUX,Luxembourg,2002,13.68
Luxembourg,LUX,Luxembourg,2003,14.96
Luxembourg,LUX,Luxembourg,2004,13.29
Luxembourg,LUX,Luxembourg,2005,13.51
Luxembourg,LUX,Luxembourg,2006,14.16
Luxembourg,LUX,Luxembourg,2007,13.09
Luxembourg,LUX,Luxembourg,2008,12.34
Luxembourg,LUX,Luxembourg,2009,12.41
Luxembourg,LUX,Luxembourg,2010,13
Luxembourg,LUX,Luxembourg,2011,12.7
Luxembourg,LUX,Luxembourg,2012,11.36
Luxembourg,LUX,Luxembourg,2013,11.7
Luxembourg,LUX,Luxembourg,2014,9.98
Luxembourg,LUX,Luxembourg,2015,10.38
Luxembourg,LUX,Luxembourg,2016,9.6
Luxembourg,LUX,Luxembourg,2017,9.59
Luxembourg,LUX,Luxembourg,2018,9.29
Luxembourg,LUX,Luxembourg,2019,8.47
Luxembourg,LUX,Luxembourg,2020,8.67
Greece,GRC,Greece,2000,23.95
Greece,GRC,Greece,2001,22.29
Greece,GRC,Greece,2002,23.07
Greece,GRC,Greece,2003,24.3
Greece,GRC,Greece,2004,21.35
Greece,GRC,Greece,2005,22.11
Greece,GRC,Greece,2006,22.81
Greece,GRC,Greece,2007,22.06
Greece,GRC,Greece,2008,21.31
Greece,GRC,Greece,2009,20.51
Greece,GRC,Greece,2010,19.96
Greece,GRC,Greece,2011,21
Greece,GRC,Greece,2012,18.49
Greece,GRC,Greece,2013,17.67
Greece,GRC,Greece,2014,16.58
Greece,GRC,Greece,2015,16.99
Greece,GRC,Greece,2016,15.53
Greece,GRC,Greece,2017,15.43
Greece,GRC,Greece,2018,15.35
Greece,GRC,Greece,2019,14.72
Greece,GRC,Greece,2020,14.18
Kyrgyzstan,KGZ,Kyrgyzstan,2000,21.41
Kyrgyzstan,KGZ,Kyrgyzstan,2001,20.9
Kyrgyzstan,KGZ,Kyrgyzstan,2002,21.75
Kyrgyzstan,KGZ,Kyrgyzstan,2003,20.8
Kyrgyzstan,KGZ,Kyrgyzstan,2004,20.91
Kyrgyzstan,KGZ,Kyrgyzstan,2005,21.16
Kyrgyzstan,KGZ,Kyrgyzstan,2006,21.93
Kyrgyzstan,KGZ,Kyrgyzstan,2007,21.64
Kyrgyzstan,KGZ,Kyrgyzstan,2008,22.06
Kyrgyzstan,KGZ,Kyrgyzstan,2009,23.36
Kyrgyzstan,KGZ,Kyrgyzstan,2010,25.31
Kyrgyzstan,KGZ,Kyrgyzstan,2011,31.91
Kyrgyzstan,KGZ,Kyrgyzstan,2012,32.74
Kyrgyzstan,KGZ,Kyrgyzstan,2013,32.07
Kyrgyzstan,KGZ,Kyrgyzstan,2014,29.15
Kyrgyzstan,KGZ,Kyrgyzstan,2015,28.12
Kyrgyzstan,KGZ,Kyrgyzstan,2016,27.64
Kyrgyzstan,KGZ,Kyrgyzstan,2017,25.46
Kyrgyzstan,KGZ,Kyrgyzstan,2018,26.18
Kyrgyzstan,KGZ,Kyrgyzstan,2019,25.55
Kyrgyzstan,KGZ,Kyrgyzstan,2020,23.29
Denmark,DNK,Denmark,2000,15.34
Denmark,DNK,Denmark,2001,13.02
Denmark,DNK,Denmark,2002,14.19
Denmark,DNK,Denmark,2003,15.71
Denmark,DNK,Denmark,2004,13
Denmark,DNK,Denmark,2005,13.84
Denmark,DNK,Denmark,2006,14.73
Denmark,DNK,Denmark,2007,13.71
Denmark,DNK,Denmark,2008,11.67
Denmark,DNK,Denmark,2009,11.97
Denmark,DNK,Denmark,2010,12.82
Denmark,DNK,Denmark,2011,13.07
Denmark,DNK,Denmark,2012,10.6
Denmark,DNK,Denmark,2013,10.2
Denmark,DNK,Denmark,2014,10.59
Denmark,DNK,Denmark,2015,10.03
Denmark,DNK,Denmark,2016,9.06
Denmark,DNK,Denmark,2017,9.9
Denmark,DNK,Denmark,2018,10.14
Denmark,DNK,Denmark,2019,9.41
Denmark,DNK,Denmark,2020,8.89
DKI Jakarta Province,IDN,Indonesia,2000,44.21
DKI Jakarta Province,IDN,Indonesia,2001,42.98
DKI Jakarta Province,IDN,Indonesia,2002,37.9
DKI Jakarta Province,IDN,Indonesia,2003,37.48
DKI Jakarta Province,IDN,Indonesia,2004,37.06
DKI Jakarta Province,IDN,Indonesia,2005,38.16
DKI Jakarta Province,IDN,Indonesia,2006,37.34
DKI Jakarta Province,IDN,Indonesia,2007,36.63
DKI Jakarta Province,IDN,Indonesia,2008,37.57
DKI Jakarta Province,IDN,Indonesia,2009,34.23
DKI Jakarta Province,IDN,Indonesia,2010,32.14
DKI Jakarta Province,IDN,Indonesia,2011,27.06
DKI Jakarta Province,IDN,Indonesia,2012,30.31
DKI Jakarta Province,IDN,Indonesia,2013,30.39
DKI Jakarta Province,IDN,Indonesia,2014,26.94
DKI Jakarta Province,IDN,Indonesia,2015,27.52
DKI Jakarta Province,IDN,Indonesia,2016,30.9
DKI Jakarta Province,IDN,Indonesia,2017,26.9
DKI Jakarta Province,IDN,Indonesia,2018,28.21
DKI Jakarta Province,IDN,Indonesia,2019,29.15
DKI Jakarta Province,IDN,Indonesia,2020,25.12
Ireland,IRL,Ireland,2000,12.29
Ireland,IRL,Ireland,2001,11.4
Ireland,IRL,Ireland,2002,11.62
Ireland,IRL,Ireland,2003,13.96
Ireland,IRL,Ireland,2004,10.63
Ireland,IRL,Ireland,2005,11.61
Ireland,IRL,Ireland,2006,11.84
Ireland,IRL,Ireland,2007,11.67
Ireland,IRL,Ireland,2008,10.66
Ireland,IRL,Ireland,2009,10.47
Ireland,IRL,Ireland,2010,10.15
Ireland,IRL,Ireland,2011,10.33
Ireland,IRL,Ireland,2012,9.41
Ireland,IRL,Ireland,2013,9.02
Ireland,IRL,Ireland,2014,8.69
Ireland,IRL,Ireland,2015,8.65
Ireland,IRL,Ireland,2016,7.96
Ireland,IRL,Ireland,2017,8.24
Ireland,IRL,Ireland,2018,8.15
Ireland,IRL,Ireland,2019,7.74
Ireland,IRL,Ireland,2020,8
Kazakhstan,KAZ,Kazakhstan,2000,15.73
Kazakhstan,KAZ,Kazakhstan,2001,16.11
Kazakhstan,KAZ,Kazakhstan,2002,16.4
Kazakhstan,KAZ,Kazakhstan,2003,15.93
Kazakhstan,KAZ,Kazakhstan,2004,15.91
Kazakhstan,KAZ,Kazakhstan,2005,16.06
Kazakhstan,KAZ,Kazakhstan,2006,16.59
Kazakhstan,KAZ,Kazakhstan,2007,16.6
Kazakhstan,KAZ,Kazakhstan,2008,17.17
Kazakhstan,KAZ,Kazakhstan,2009,18.33
Kazakhstan,KAZ,Kazakhstan,2010,20.06
Kazakhstan,KAZ,Kazakhstan,2011,24.94
Kazakhstan,KAZ,Kazakhstan,2012,26.55
Kazakhstan,KAZ,Kazakhstan,2013,25.12
Kazakhstan,KAZ,Kazakhstan,2014,23.34
Kazakhstan,KAZ,Kazakhstan,2015,22.1
Kazakhstan,KAZ,Kazakhstan,2016,22.26
Kazakhstan,KAZ,Kazakhstan,2017,20.62
Kazakhstan,KAZ,Kazakhstan,2018,20.22
Kazakhstan,KAZ,Kazakhstan,2019,20.51
Kazakhstan,KAZ,Kazakhstan,2020,19.63
Hungary,HUN,Hungary,2000,20.62
Hungary,HUN,Hungary,2001,20.44
Hungary,HUN,Hungary,2002,23.21
Hungary,HUN,Hungary,2003,24.47
Hungary,HUN,Hungary,2004,20.97
Hungary,HUN,Hungary,2005,21.87
Hungary,HUN,Hungary,2006,23.25
Hungary,HUN,Hungary,2007,18.46
Hungary,HUN,Hungary,2008,18.25
Hungary,HUN,Hungary,2009,19.07
Hungary,HUN,Hungary,2010,20.34
Hungary,HUN,Hungary,2011,21.17
Hungary,HUN,Hungary,2012,18.82
Hungary,HUN,Hungary,2013,17.75
Hungary,HUN,Hungary,2014,17.83
Hungary,HUN,Hungary,2015,17.86
Hungary,HUN,Hungary,2016,16.13
Hungary,HUN,Hungary,2017,16.9
Hungary,HUN,Hungary,2018,17.37
Hungary,HUN,Hungary,2019,14.54
Hungary,HUN,Hungary,2020,14.03
Bhutan,BTN,Bhutan,2000,35.59
Bhutan,BTN,Bhutan,2001,36.04
Bhutan,BTN,Bhutan,2002,36.13
Bhutan,BTN,Bhutan,2003,36.97
Bhutan,BTN,Bhutan,2004,36.94
Bhutan,BTN,Bhutan,2005,37.4
Bhutan,BTN,Bhutan,2006,37.88
Bhutan,BTN,Bhutan,2007,37.65
Bhutan,BTN,Bhutan,2008,36.77
Bhutan,BTN,Bhutan,2009,37.89
Bhutan,BTN,Bhutan,2010,28.54
Bhutan,BTN,Bhutan,2011,33.59
Bhutan,BTN,Bhutan,2012,42.06
Bhutan,BTN,Bhutan,2013,41.19
Bhutan,BTN,Bhutan,2014,44.45
Bhutan,BTN,Bhutan,2015,41.21
Bhutan,BTN,Bhutan,2016,40.67
Bhutan,BTN,Bhutan,2017,37.42
Bhutan,BTN,Bhutan,2018,37.51
Bhutan,BTN,Bhutan,2019,33.07
Bhutan,BTN,Bhutan,2020,26.35
Poland,POL,Poland,2000,25.58
Poland,POL,Poland,2001,25.55
Poland,POL,Poland,2002,29.64
Poland,POL,Poland,2003,30.36
Poland,POL,Poland,2004,26.33
Poland,POL,Poland,2005,27.54
Poland,POL,Poland,2006,29.69
Poland,POL,Poland,2007,24.14
Poland,POL,Poland,2008,23.16
Poland,POL,Poland,2009,24.26
Poland,POL,Poland,2010,26.75
Poland,POL,Poland,2011,26.34
Poland,POL,Poland,2012,23.94
Poland,POL,Poland,2013,23.01
Poland,POL,Poland,2014,23.27
Poland,POL,Poland,2015,22.25
Poland,POL,Poland,2016,21.09
Poland,POL,Poland,2017,22.1
Poland,POL,Poland,2018,22.26
Poland,POL,Poland,2019,18.64
Poland,POL,Poland,2020,17.84
Pakistan,PAK,Pakistan,2000,58.39
Pakistan,PAK,Pakistan,2001,59.56
Pakistan,PAK,Pakistan,2002,60.09
Pakistan,PAK,Pakistan,2003,60.43
Pakistan,PAK,Pakistan,2004,59.46
Pakistan,PAK,Pakistan,2005,58.9
Pakistan,PAK,Pakistan,2006,60.91
Pakistan,PAK,Pakistan,2007,60.23
Pakistan,PAK,Pakistan,2008,58.8
Pakistan,PAK,Pakistan,2009,58.9
Pakistan,PAK,Pakistan,2010,46.57
Pakistan,PAK,Pakistan,2011,55.73
Pakistan,PAK,Pakistan,2012,66.84
Pakistan,PAK,Pakistan,2013,68.45
Pakistan,PAK,Pakistan,2014,71.58
Pakistan,PAK,Pakistan,2015,68.02
Pakistan,PAK,Pakistan,2016,68.47
Pakistan,PAK,Pakistan,2017,61.76
Pakistan,PAK,Pakistan,2018,62.41
Pakistan,PAK,Pakistan,2019,52.92
Pakistan,PAK,Pakistan,2020,43.17
Serbia,SRB,Serbia,2000,31.26
Serbia,SRB,Serbia,2001,31.86
Serbia,SRB,Serbia,2002,34.42
Serbia,SRB,Serbia,2003,37.33
Serbia,SRB,Serbia,2004,32.35
Serbia,SRB,Serbia,2005,33.6
Serbia,SRB,Serbia,2006,35
Serbia,SRB,Serbia,2007,28.19
Serbia,SRB,Serbia,2008,28.3
Serbia,SRB,Serbia,2009,29.42
Serbia,SRB,Serbia,2010,31.83
Serbia,SRB,Serbia,2011,34.04
Serbia,SRB,Serbia,2012,30.47
Serbia,SRB,Serbia,2013,28.63
Serbia,SRB,Serbia,2014,27.99
Serbia,SRB,Serbia,2015,28.04
Serbia,SRB,Serbia,2016,25.66
Serbia,SRB,Serbia,2017,26.44
Serbia,SRB,Serbia,2018,27.37
Serbia,SRB,Serbia,2019,22.79
Serbia,SRB,Serbia,2020,22.63
Iraq,IRQ,Iraq,2000,41.41
Iraq,IRQ,Iraq,2001,37.43
Iraq,IRQ,Iraq,2002,38.24
Iraq,IRQ,Iraq,2003,41.14
Iraq,IRQ,Iraq,2004,38.64
Iraq,IRQ,Iraq,2005,41.61
Iraq,IRQ,Iraq,2006,40.73
Iraq,IRQ,Iraq,2007,43.28
Iraq,IRQ,Iraq,2008,48.66
Iraq,IRQ,Iraq,2009,45.75
Iraq,IRQ,Iraq,2010,47.36
Iraq,IRQ,Iraq,2011,43.5
Iraq,IRQ,Iraq,2012,42.6
Iraq,IRQ,Iraq,2013,41.88
Iraq,IRQ,Iraq,2014,37.25
Iraq,IRQ,Iraq,2015,43.8
Iraq,IRQ,Iraq,2016,41.71
Iraq,IRQ,Iraq,2017,39.31
Iraq,IRQ,Iraq,2018,40.99
Iraq,IRQ,Iraq,2019,37.45
Iraq,IRQ,Iraq,2020,37.79
Slovak Republic,SVK,Slovak Republic,2000,21.22
Slovak Republic,SVK,Slovak Republic,2001,21.54
Slovak Republic,SVK,Slovak Republic,2002,24.4
Slovak Republic,SVK,Slovak Republic,2003,25.44
Slovak Republic,SVK,Slovak Republic,2004,22.08
Slovak Republic,SVK,Slovak Republic,2005,23.18
Slovak Republic,SVK,Slovak Republic,2006,24.54
Slovak Republic,SVK,Slovak Republic,2007,19.66
Slovak Republic,SVK,Slovak Republic,2008,19.38
Slovak Republic,SVK,Slovak Republic,2009,20.23
Slovak Republic,SVK,Slovak Republic,2010,21.3
Slovak Republic,SVK,Slovak Republic,2011,22.37
Slovak Republic,SVK,Slovak Republic,2012,20.18
Slovak Republic,SVK,Slovak Republic,2013,19.43
Slovak Republic,SVK,Slovak Republic,2014,19.12
Slovak Republic,SVK,Slovak Republic,2015,19.04
Slovak Republic,SVK,Slovak Republic,2016,17.74
Slovak Republic,SVK,Slovak Republic,2017,18.04
Slovak Republic,SVK,Slovak Republic,2018,18.53
Slovak Republic,SVK,Slovak Republic,2019,15.72
Slovak Republic,SVK,Slovak Republic,2020,15.27
Kuwait,KWT,Kuwait,2000,59.21
Kuwait,KWT,Kuwait,2001,59.97
Kuwait,KWT,Kuwait,2002,54.69
Kuwait,KWT,Kuwait,2003,65.53
Kuwait,KWT,Kuwait,2004,56.78
Kuwait,KWT,Kuwait,2005,65.8
Kuwait,KWT,Kuwait,2006,57.43
Kuwait,KWT,Kuwait,2007,61.01
Kuwait,KWT,Kuwait,2008,71.72
Kuwait,KWT,Kuwait,2009,67.64
Kuwait,KWT,Kuwait,2010,62.13
Kuwait,KWT,Kuwait,2011,65.82
Kuwait,KWT,Kuwait,2012,66.03
Kuwait,KWT,Kuwait,2013,67.07
Kuwait,KWT,Kuwait,2014,50.91
Kuwait,KWT,Kuwait,2015,65.27
Kuwait,KWT,Kuwait,2016,60.52
Kuwait,KWT,Kuwait,2017,58.98
Kuwait,KWT,Kuwait,2018,64.53
Kuwait,KWT,Kuwait,2019,53.91
Kuwait,KWT,Kuwait,2020,54.88
Moldova,MDA,Moldova,2000,28.07
Moldova,MDA,Moldova,2001,28.02
Moldova,MDA,Moldova,2002,30.85
Moldova,MDA,Moldova,2003,24.79
Moldova,MDA,Moldova,2004,23.06
Moldova,MDA,Moldova,2005,22.27
Moldova,MDA,Moldova,2006,20.95
Moldova,MDA,Moldova,2007,19.52
Moldova,MDA,Moldova,2008,18.47
Moldova,MDA,Moldova,2009,19.13
Moldova,MDA,Moldova,2010,20.05
Moldova,MDA,Moldova,2011,20.33
Moldova,MDA,Moldova,2012,20.05
Moldova,MDA,Moldova,2013,19.55
Moldova,MDA,Moldova,2014,18.38
Moldova,MDA,Moldova,2015,17.83
Moldova,MDA,Moldova,2016,16.7
Moldova,MDA,Moldova,2017,14.89
Moldova,MDA,Moldova,2018,16.78
Moldova,MDA,Moldova,2019,15.44
Moldova,MDA,Moldova,2020,14.4
Slovenia,SVN,Slovenia,2000,20.4
Slovenia,SVN,Slovenia,2001,19.76
Slovenia,SVN,Slovenia,2002,22.31
Slovenia,SVN,Slovenia,2003,23.5
Slovenia,SVN,Slovenia,2004,20.57
Slovenia,SVN,Slovenia,2005,21.65
Slovenia,SVN,Slovenia,2006,22.66
Slovenia,SVN,Slovenia,2007,17.62
Slovenia,SVN,Slovenia,2008,17.94
Slovenia,SVN,Slovenia,2009,18.57
Slovenia,SVN,Slovenia,2010,18.57
Slovenia,SVN,Slovenia,2011,20.28
Slovenia,SVN,Slovenia,2012,17.98
Slovenia,SVN,Slovenia,2013,17.82
Slovenia,SVN,Slovenia,2014,17.45
Slovenia,SVN,Slovenia,2015,17.37
Slovenia,SVN,Slovenia,2016,16.12
Slovenia,SVN,Slovenia,2017,16.18
Slovenia,SVN,Slovenia,2018,17.81
Slovenia,SVN,Slovenia,2019,13.65
Slovenia,SVN,Slovenia,2020,14
Saudi Arabia,SAU,Saudi Arabia,2000,56.38
Saudi Arabia,SAU,Saudi Arabia,2001,53.77
Saudi Arabia,SAU,Saudi Arabia,2002,53.38
Saudi Arabia,SAU,Saudi Arabia,2003,65.69
Saudi Arabia,SAU,Saudi Arabia,2004,62.39
Saudi Arabia,SAU,Saudi Arabia,2005,60.99
Saudi Arabia,SAU,Saudi Arabia,2006,59.2
Saudi Arabia,SAU,Saudi Arabia,2007,61.22
Saudi Arabia,SAU,Saudi Arabia,2008,68.51
Saudi Arabia,SAU,Saudi Arabia,2009,63.95
Saudi Arabia,SAU,Saudi Arabia,2010,60.75
Saudi Arabia,SAU,Saudi Arabia,2011,62.43
Saudi Arabia,SAU,Saudi Arabia,2012,66.26
Saudi Arabia,SAU,Saudi Arabia,2013,65.67
Saudi Arabia,SAU,Saudi Arabia,2014,52.65
Saudi Arabia,SAU,Saudi Arabia,2015,66.66
Saudi Arabia,SAU,Saudi Arabia,2016,58.77
Saudi Arabia,SAU,Saudi Arabia,2017,60.42
Saudi Arabia,SAU,Saudi Arabia,2018,64.02
Saudi Arabia,SAU,Saudi Arabia,2019,60.64
Saudi Arabia,SAU,Saudi Arabia,2020,55.47
Macau (China),MAC,Macau (China),2000,30.04
Macau (China),MAC,Macau (China),2001,30.4
Macau (China),MAC,Macau (China),2002,30.5
Macau (China),MAC,Macau (China),2003,31.4
Macau (China),MAC,Macau (China),2004,31.89
Macau (China),MAC,Macau (China),2005,32.37
Macau (China),MAC,Macau (China),2006,32.04
Macau (China),MAC,Macau (China),2007,32.14
Macau (China),MAC,Macau (China),2008,32.54
Macau (China),MAC,Macau (China),2009,33.73
Macau (China),MAC,Macau (China),2010,27.78
Macau (China),MAC,Macau (China),2011,30.8
Macau (China),MAC,Macau (China),2012,28.55
Macau (China),MAC,Macau (China),2013,33.81
Macau (China),MAC,Macau (China),2014,33.1
Macau (China),MAC,Macau (China),2015,29.62
Macau (China),MAC,Macau (China),2016,27.6
Macau (China),MAC,Macau (China),2017,27.69
Macau (China),MAC,Macau (China),2018,23.79
Macau (China),MAC,Macau (China),2019,22.66
Macau (China),MAC,Macau (China),2020,20.69
Spain,ESP,Spain,2000,16.1
Spain,ESP,Spain,2001,15.08
Spain,ESP,Spain,2002,15.22
Spain,ESP,Spain,2003,15.61
Spain,ESP,Spain,2004,14.5
Spain,ESP,Spain,2005,14.49
Spain,ESP,Spain,2006,15.13
Spain,ESP,Spain,2007,14.53
Spain,ESP,Spain,2008,13
Spain,ESP,Spain,2009,13.12
Spain,ESP,Spain,2010,12.45
Spain,ESP,Spain,2011,13.43
Spain,ESP,Spain,2012,12.08
Spain,ESP,Spain,2013,11.3
Spain,ESP,Spain,2014,10.64
Spain,ESP,Spain,2015,11.34
Spain,ESP,Spain,2016,10.41
Spain,ESP,Spain,2017,10.53
Spain,ESP,Spain,2018,10.28
Spain,ESP,Spain,2019,9.47
Spain,ESP,Spain,2020,9.69
Iran,IRN,Iran,2000,36.45
Iran,IRN,Iran,2001,35.98
Iran,IRN,Iran,2002,35.17
Iran,IRN,Iran,2003,38.88
Iran,IRN,Iran,2004,35.08
Iran,IRN,Iran,2005,34.95
Iran,IRN,Iran,2006,35.52
Iran,IRN,Iran,2007,36.43
Iran,IRN,Iran,2008,41.55
Iran,IRN,Iran,2009,40.51
Iran,IRN,Iran,2010,38.24
Iran,IRN,Iran,2011,39.45
Iran,IRN,Iran,2012,38.04
Iran,IRN,Iran,2013,38.83
Iran,IRN,Iran,2014,36.55
Iran,IRN,Iran,2015,38.89
Iran,IRN,Iran,2016,37.45
Iran,IRN,Iran,2017,35.28
Iran,IRN,Iran,2018,37.99
Iran,IRN,Iran,2019,34.14
Iran,IRN,Iran,2020,32.35
Sri Lanka,LKA,Sri Lanka,2000,25.14
Sri Lanka,LKA,Sri Lanka,2001,25.15
Sri Lanka,LKA,Sri Lanka,2002,24.2
Sri Lanka,LKA,Sri Lanka,2003,24.61
Sri Lanka,LKA,Sri Lanka,2004,24.58
Sri Lanka,LKA,Sri Lanka,2005,25.38
Sri Lanka,LKA,Sri Lanka,2006,24.95
Sri Lanka,LKA,Sri Lanka,2007,25.37
Sri Lanka,LKA,Sri Lanka,2008,25.59
Sri Lanka,LKA,Sri Lanka,2009,24.64
Sri Lanka,LKA,Sri Lanka,2010,21.59
Sri Lanka,LKA,Sri Lanka,2011,18.9
Sri Lanka,LKA,Sri Lanka,2012,20.42
Sri Lanka,LKA,Sri Lanka,2013,21.48
Sri Lanka,LKA,Sri Lanka,2014,19.37
Sri Lanka,LKA,Sri Lanka,2015,17.52
Sri Lanka,LKA,Sri Lanka,2016,19.1
Sri Lanka,LKA,Sri Lanka,2017,17.93
Sri Lanka,LKA,Sri Lanka,2018,20.5
Sri Lanka,LKA,Sri Lanka,2019,19.39
Sri Lanka,LKA,Sri Lanka,2020,19.54
Armenia,ARM,Armenia,2000,25.78
Armenia,ARM,Armenia,2001,26.61
Armenia,ARM,Armenia,2002,26.45
Armenia,ARM,Armenia,2003,27.1
Armenia,ARM,Armenia,2004,26.46
Armenia,ARM,Armenia,2005,26.83
Armenia,ARM,Armenia,2006,26.5
Armenia,ARM,Armenia,2007,27.21
Armenia,ARM,Armenia,2008,28.56
Armenia,ARM,Armenia,2009,31.05
Armenia,ARM,Armenia,2010,33.57
Armenia,ARM,Armenia,2011,40.59
Armenia,ARM,Armenia,2012,41.78
Armenia,ARM,Armenia,2013,39.74
Armenia,ARM,Armenia,2014,37.63
Armenia,ARM,Armenia,2015,37.17
Armenia,ARM,Armenia,2016,34.94
Armenia,ARM,Armenia,2017,33.17
Armenia,ARM,Armenia,2018,33.25
Armenia,ARM,Armenia,2019,31.58
Armenia,ARM,Armenia,2020,29.39
Thailand,THA,Thailand,2000,38.37
Thailand,THA,Thailand,2001,37.51
Thailand,THA,Thailand,2002,38.92
Thailand,THA,Thailand,2003,37.24
Thailand,THA,Thailand,2004,39.51
Thailand,THA,Thailand,2005,38.99
Thailand,THA,Thailand,2006,38.57
Thailand,THA,Thailand,2007,40.4
Thailand,THA,Thailand,2008,39.14
Thailand,THA,Thailand,2009,37.51
Thailand,THA,Thailand,2010,32.75
Thailand,THA,Thailand,2011,28.47
Thailand,THA,Thailand,2012,30.95
Thailand,THA,Thailand,2013,33.82
Thailand,THA,Thailand,2014,29.43
Thailand,THA,Thailand,2015,27.65
Thailand,THA,Thailand,2016,29.85
Thailand,THA,Thailand,2017,26.62
Thailand,THA,Thailand,2018,29.46
Thailand,THA,Thailand,2019,29.83
Thailand,THA,Thailand,2020,30.46
United Arab Emirates,ARE,United Arab Emirates,2000,42.42
United Arab Emirates,ARE,United Arab Emirates,2001,43.34
United Arab Emirates,ARE,United Arab Emirates,2002,37.89
United Arab Emirates,ARE,United Arab Emirates,2003,46.86
United Arab Emirates,ARE,United Arab Emirates,2004,46.61
United Arab Emirates,ARE,United Arab Emirates,2005,41.88
United Arab Emirates,ARE,United Arab Emirates,2006,41.09
United Arab Emirates,ARE,United Arab Emirates,2007,43.88
United Arab Emirates,ARE,United Arab Emirates,2008,48.58
United Arab Emirates,ARE,United Arab Emirates,2009,43.61
United Arab Emirates,ARE,United Arab Emirates,2010,41.22
United Arab Emirates,ARE,United Arab Emirates,2011,45.08
United Arab Emirates,ARE,United Arab Emirates,2012,48.02
United Arab Emirates,ARE,United Arab Emirates,2013,42.2
United Arab Emirates,ARE,United Arab Emirates,2014,37.84
United Arab Emirates,ARE,United Arab Emirates,2015,47.14
United Arab Emirates,ARE,United Arab Emirates,2016,42.33
United Arab Emirates,ARE,United Arab Emirates,2017,43.41
United Arab Emirates,ARE,United Arab Emirates,2018,45.07
United Arab Emirates,ARE,United Arab Emirates,2019,40.79
United Arab Emirates,ARE,United Arab Emirates,2020,35.36
Syrian Arab Republic,SYR,Syrian Arab Republic,2000,22.73
Syrian Arab Republic,SYR,Syrian Arab Republic,2001,23.81
Syrian Arab Republic,SYR,Syrian Arab Republic,2002,24.83
Syrian Arab Republic,SYR,Syrian Arab Republic,2003,25.54
Syrian Arab Republic,SYR,Syrian Arab Republic,2004,25.44
Syrian Arab Republic,SYR,Syrian Arab Republic,2005,24.05
Syrian Arab Republic,SYR,Syrian Arab Republic,2006,26.32
Syrian Arab Republic,SYR,Syrian Arab Republic,2007,26.87
Syrian Arab Republic,SYR,Syrian Arab Republic,2008,27.81
Syrian Arab Republic,SYR,Syrian Arab Republic,2009,26.34
Syrian Arab Republic,SYR,Syrian Arab Republic,2010,28.99
Syrian Arab Republic,SYR,Syrian Arab Republic,2011,25.53
Syrian Arab Republic,SYR,Syrian Arab Republic,2012,24.39
Syrian Arab Republic,SYR,Syrian Arab Republic,2013,26.07
Syrian Arab Republic,SYR,Syrian Arab Republic,2014,25.46
Syrian Arab Republic,SYR,Syrian Arab Republic,2015,26.62
Syrian Arab Republic,SYR,Syrian Arab Republic,2016,25.34
Syrian Arab Republic,SYR,Syrian Arab Republic,2017,24.42
Syrian Arab Republic,SYR,Syrian Arab Republic,2018,25.66
Syrian Arab Republic,SYR,Syrian Arab Republic,2019,26.23
Syrian Arab Republic,SYR,Syrian Arab Republic,2020,24.49
Monaco,MCO,Monaco,2000,17.15
Monaco,MCO,Monaco,2001,16.13
Monaco,MCO,Monaco,2002,16.81
Monaco,MCO,Monaco,2003,18.18
Monaco,MCO,Monaco,2004,15.51
Monaco,MCO,Monaco,2005,15.96
Monaco,MCO,Monaco,2006,16.21
Monaco,MCO,Monaco,2007,15.7
Monaco,MCO,Monaco,2008,14.44
Monaco,MCO,Monaco,2009,14.64
Monaco,MCO,Monaco,2010,13.98
Monaco,MCO,Monaco,2011,15.11
Monaco,MCO,Monaco,2012,13.46
Monaco,MCO,Monaco,2013,12.59
Monaco,MCO,Monaco,2014,11.58
Monaco,MCO,Monaco,2015,12.64
Monaco,MCO,Monaco,2016,11.15
Monaco,MCO,Monaco,2017,11.19
Monaco,MCO,Monaco,2018,11.46
Monaco,MCO,Monaco,2019,10.32
Monaco,MCO,Monaco,2020,10.24
Albania,ALB,Albania,2000,21.9
Albania,ALB,Albania,2001,20.85
Albania,ALB,Albania,2002,23.2
Albania,ALB,Albania,2003,25.52
Albania,ALB,Albania,2004,22.44
Albania,ALB,Albania,2005,22.34
Albania,ALB,Albania,2006,23.19
Albania,ALB,Albania,2007,20.85
Albania,ALB,Albania,2008,20.11
Albania,ALB,Albania,2009,20.58
Albania,ALB,Albania,2010,20.47
Albania,ALB,Albania,2011,22.38
Albania,ALB,Albania,2012,20.56
Albania,ALB,Albania,2013,19.06
Albania,ALB,Albania,2014,19.05
Albania,ALB,Albania,2015,18.75
Albania,ALB,Albania,2016,17.28
Albania,ALB,Albania,2017,18.25
Albania,ALB,Albania,2018,18.71
Albania,ALB,Albania,2019,15.43
Albania,ALB,Albania,2020,15.43
Norway,NOR,Norway,2000,10.52
Norway,NOR,Norway,2001,9.14
Norway,NOR,Norway,2002,9.42
Norway,NOR,Norway,2003,10.2
Norway,NOR,Norway,2004,8.76
Norway,NOR,Norway,2005,8.65
Norway,NOR,Norway,2006,10.01
Norway,NOR,Norway,2007,8.56
Norway,NOR,Norway,2008,8.24
Norway,NOR,Norway,2009,8.44
Norway,NOR,Norway,2010,7.88
Norway,NOR,Norway,2011,8.7
Norway,NOR,Norway,2012,7.34
Norway,NOR,Norway,2013,7.06
Norway,NOR,Norway,2014,7.11
Norway,NOR,Norway,2015,6.78
Norway,NOR,Norway,2016,6.25
Norway,NOR,Norway,2017,6.54
Norway,NOR,Norway,2018,6.71
Norway,NOR,Norway,2019,6.39
Norway,NOR,Norway,2020,6.06
Korea,KOR,Korea,2000,24.56
Korea,KOR,Korea,2001,24.17
Korea,KOR,Korea,2002,24.23
Korea,KOR,Korea,2003,24.08
Korea,KOR,Korea,2004,23.71
Korea,KOR,Korea,2005,24.03
Korea,KOR,Korea,2006,24.26
Korea,KOR,Korea,2007,24.22
Korea,KOR,Korea,2008,24.3
Korea,KOR,Korea,2009,23.4
Korea,KOR,Korea,2010,21.62
Korea,KOR,Korea,2011,24.66
Korea,KOR,Korea,2012,25.26
Korea,KOR,Korea,2013,27.19
Korea,KOR,Korea,2014,28.14
Korea,KOR,Korea,2015,26.06
Korea,KOR,Korea,2016,26.42
Korea,KOR,Korea,2017,25.68
Korea,KOR,Korea,2018,25.54
Korea,KOR,Korea,2019,25.5
Korea,KOR,Korea,2020,25.3
Andorra,AND,Andorra,2000,15.58
Andorra,AND,Andorra,2001,14.87
Andorra,AND,Andorra,2002,14.8
Andorra,AND,Andorra,2003,15.05
Andorra,AND,Andorra,2004,13.84
Andorra,AND,Andorra,2005,13.96
Andorra,AND,Andorra,2006,14.07
Andorra,AND,Andorra,2007,13.76
Andorra,AND,Andorra,2008,12.31
Andorra,AND,Andorra,2009,13.32
Andorra,AND,Andorra,2010,11.93
Andorra,AND,Andorra,2011,13.03
Andorra,AND,Andorra,2012,11.87
Andorra,AND,Andorra,2013,10.92
Andorra,AND,Andorra,2014,10.09
Andorra,AND,Andorra,2015,10.77
Andorra,AND,Andorra,2016,9.79
Andorra,AND,Andorra,2017,9.72
Andorra,AND,Andorra,2018,9.58
Andorra,AND,Andorra,2019,8.75
Andorra,AND,Andorra,2020,8.81
Estonia,EST,Estonia,2000,11.5
Estonia,EST,Estonia,2001,10.99
Estonia,EST,Estonia,2002,12.25
Estonia,EST,Estonia,2003,10.4
Estonia,EST,Estonia,2004,9.58
Estonia,EST,Estonia,2005,9.37
Estonia,EST,Estonia,2006,9.27
Estonia,EST,Estonia,2007,8.2
Estonia,EST,Estonia,2008,8.05
Estonia,EST,Estonia,2009,8.12
Estonia,EST,Estonia,2010,8.91
Estonia,EST,Estonia,2011,8.11
Estonia,EST,Estonia,2012,7.84
Estonia,EST,Estonia,2013,7.94
Estonia,EST,Estonia,2014,8.59
Estonia,EST,Estonia,2015,7.09
Estonia,EST,Estonia,2016,6.8
Estonia,EST,Estonia,2017,6.09
Estonia,EST,Estonia,2018,7.72
Estonia,EST,Estonia,2019,6.81
Estonia,EST,Estonia,2020,6.13
Jordan,JOR,Jordan,2000,23.53
Jordan,JOR,Jordan,2001,26.27
Jordan,JOR,Jordan,2002,27.63
Jordan,JOR,Jordan,2003,32.51
Jordan,JOR,Jordan,2004,30.86
Jordan,JOR,Jordan,2005,28.62
Jordan,JOR,Jordan,2006,28.98
Jordan,JOR,Jordan,2007,29.31
Jordan,JOR,Jordan,2008,30
Jordan,JOR,Jordan,2009,30.22
Jordan,JOR,Jordan,2010,32.49
Jordan,JOR,Jordan,2011,28.72
Jordan,JOR,Jordan,2012,28.02
Jordan,JOR,Jordan,2013,31.51
Jordan,JOR,Jordan,2014,29.2
Jordan,JOR,Jordan,2015,30.82
Jordan,JOR,Jordan,2016,27.41
Jordan,JOR,Jordan,2017,27.5
Jordan,JOR,Jordan,2018,30.09
Jordan,JOR,Jordan,2019,30.53
Jordan,JOR,Jordan,2020,28.25
Malta,MLT,Malta,2000,17.67
Malta,MLT,Malta,2001,17.27
Malta,MLT,Malta,2002,17.48
Malta,MLT,Malta,2003,19.25
Malta,MLT,Malta,2004,17.67
Malta,MLT,Malta,2005,16.83
Malta,MLT,Malta,2006,16.58
Malta,MLT,Malta,2007,17.97
Malta,MLT,Malta,2008,17.02
Malta,MLT,Malta,2009,16.19
Malta,MLT,Malta,2010,17.14
Malta,MLT,Malta,2011,16.23
Malta,MLT,Malta,2012,14.19
Malta,MLT,Malta,2013,13.46
Malta,MLT,Malta,2014,13.57
Malta,MLT,Malta,2015,13.82
Malta,MLT,Malta,2016,12.62
Malta,MLT,Malta,2017,12.97
Malta,MLT,Malta,2018,13.18
Malta,MLT,Malta,2019,12.66
Malta,MLT,Malta,2020,11.74
Uzbekistan,UZB,Uzbekistan,2000,29.47
Uzbekistan,UZB,Uzbekistan,2001,28.5
Uzbekistan,UZB,Uzbekistan,2002,28.81
Uzbekistan,UZB,Uzbekistan,2003,27.9
Uzbekistan,UZB,Uzbekistan,2004,27.97
Uzbekistan,UZB,Uzbekistan,2005,27.9
Uzbekistan,UZB,Uzbekistan,2006,29.45
Uzbekistan,UZB,Uzbekistan,2007,29.49
Uzbekistan,UZB,Uzbekistan,2008,30.34
Uzbekistan,UZB,Uzbekistan,2009,31.62
Uzbekistan,UZB,Uzbekistan,2010,33.28
Uzbekistan,UZB,Uzbekistan,2011,43.74
Uzbekistan,UZB,Uzbekistan,2012,43.51
Uzbekistan,UZB,Uzbekistan,2013,42.46
Uzbekistan,UZB,Uzbekistan,2014,39.12
Uzbekistan,UZB,Uzbekistan,2015,37.38
Uzbekistan,UZB,Uzbekistan,2016,37.35
Uzbekistan,UZB,Uzbekistan,2017,34.9
Uzbekistan,UZB,Uzbekistan,2018,34.56
Uzbekistan,UZB,Uzbekistan,2019,33.89
Uzbekistan,UZB,Uzbekistan,2020,31.77
Lebanon,LBN,Lebanon,2000,17.85
Lebanon,LBN,Lebanon,2001,18.98
Lebanon,LBN,Lebanon,2002,19.13
Lebanon,LBN,Lebanon,2003,20.12
Lebanon,LBN,Lebanon,2004,19.92
Lebanon,LBN,Lebanon,2005,18.45
Lebanon,LBN,Lebanon,2006,19.34
Lebanon,LBN,Lebanon,2007,20.15
Lebanon,LBN,Lebanon,2008,19.85
Lebanon,LBN,Lebanon,2009,19.58
Lebanon,LBN,Lebanon,2010,21.67
Lebanon,LBN,Lebanon,2011,19.14
Lebanon,LBN,Lebanon,2012,18.62
Lebanon,LBN,Lebanon,2013,20.03
Lebanon,LBN,Lebanon,2014,20.02
Lebanon,LBN,Lebanon,2015,20.4
Lebanon,LBN,Lebanon,2016,19.16
Lebanon,LBN,Lebanon,2017,18.68
Lebanon,LBN,Lebanon,2018,19.68
Lebanon,LBN,Lebanon,2019,20.33
Lebanon,LBN,Lebanon,2020,18.91
Portugal,PRT,Portugal,2000,13.63
Portugal,PRT,Portugal,2001,13.06
Portugal,PRT,Portugal,2002,13.02
Portugal,PRT,Portugal,2003,13.87
Portugal,PRT,Portugal,2004,12.35
Portugal,PRT,Portugal,2005,12.65
Portugal,PRT,Portugal,2006,13.25
Portugal,PRT,Portugal,2007,12.66
Portugal,PRT,Portugal,2008,10.97
Portugal,PRT,Portugal,2009,11.03
Portugal,PRT,Portugal,2010,10.54
Portugal,PRT,Portugal,2011,11.24
Portugal,PRT,Portugal,2012,9.87
Portugal,PRT,Portugal,2013,9.56
Portugal,PRT,Portugal,2014,9.28
Portugal,PRT,Portugal,2015,9.45
Portugal,PRT,Portugal,2016,8.64
Portugal,PRT,Portugal,2017,9.08
Portugal,PRT,Portugal,2018,8.84
Portugal,PRT,Portugal,2019,7.85
Portugal,PRT,Portugal,2020,8.29
Brunei Darussalam,BRN,Brunei Darussalam,2000,6.89
Brunei Darussalam,BRN,Brunei Darussalam,2001,6.82
Brunei Darussalam,BRN,Brunei Darussalam,2002,7.46
Brunei Darussalam,BRN,Brunei Darussalam,2003,7.12
Brunei Darussalam,BRN,Brunei Darussalam,2004,7.34
Brunei Darussalam,BRN,Brunei Darussalam,2005,7.02
Brunei Darussalam,BRN,Brunei Darussalam,2006,7.57
Brunei Darussalam,BRN,Brunei Darussalam,2007,7.02
Brunei Darussalam,BRN,Brunei Darussalam,2008,6.85
Brunei Darussalam,BRN,Brunei Darussalam,2009,7.18
Brunei Darussalam,BRN,Brunei Darussalam,2010,6.27
Brunei Darussalam,BRN,Brunei Darussalam,2011,7.2
Brunei Darussalam,BRN,Brunei Darussalam,2012,7.6
Brunei Darussalam,BRN,Brunei Darussalam,2013,7.77
Brunei Darussalam,BRN,Brunei Darussalam,2014,8.01
Brunei Darussalam,BRN,Brunei Darussalam,2015,7.73
Brunei Darussalam,BRN,Brunei Darussalam,2016,7.67
Brunei Darussalam,BRN,Brunei Darussalam,2017,7.17
Brunei Darussalam,BRN,Brunei Darussalam,2018,7.41
Brunei Darussalam,BRN,Brunei Darussalam,2019,7.81
Brunei Darussalam,BRN,Brunei Darussalam,2020,7.45
Romania,ROU,Romania,2000,20.21
Romania,ROU,Romania,2001,20.25
Romania,ROU,Romania,2002,22.93
Romania,ROU,Romania,2003,23.69
Romania,ROU,Romania,2004,20.83
Romania,ROU,Romania,2005,21.26
Romania,ROU,Romania,2006,22.43
Romania,ROU,Romania,2007,18.15
Romania,ROU,Romania,2008,18.31
Romania,ROU,Romania,2009,18.97
Romania,ROU,Romania,2010,19.84
Romania,ROU,Romania,2011,21.16
Romania,ROU,Romania,2012,19.24
Romania,ROU,Romania,2013,17.7
Romania,ROU,Romania,2014,17.78
Romania,ROU,Romania,2015,17.25
Romania,ROU,Romania,2016,16.27
Romania,ROU,Romania,2017,16.52
Romania,ROU,Romania,2018,16.64
Romania,ROU,Romania,2019,14.24
Romania,ROU,Romania,2020,13.85
Netherlands,NLD,Netherlands,2000,18.99
Netherlands,NLD,Netherlands,2001,17.2
Netherlands,NLD,Netherlands,2002,17.87
Netherlands,NLD,Netherlands,2003,19.46
Netherlands,NLD,Netherlands,2004,17.5
Netherlands,NLD,Netherlands,2005,17.2
Netherlands,NLD,Netherlands,2006,18.09
Netherlands,NLD,Netherlands,2007,16.8
Netherlands,NLD,Netherlands,2008,15.85
Netherlands,NLD,Netherlands,2009,15.55
Netherlands,NLD,Netherlands,2010,16.16
Netherlands,NLD,Netherlands,2011,16.02
Netherlands,NLD,Netherlands,2012,14.24
Netherlands,NLD,Netherlands,2013,13.19
Netherlands,NLD,Netherlands,2014,12.51
Netherlands,NLD,Netherlands,2015,13.01
Netherlands,NLD,Netherlands,2016,11.86
Netherlands,NLD,Netherlands,2017,12.6
Netherlands,NLD,Netherlands,2018,11.97
Netherlands,NLD,Netherlands,2019,11.27
Netherlands,NLD,Netherlands,2020,10.79
Czechia,CZE,Czechia,2000,20.37
Czechia,CZE,Czechia,2001,21.03
Czechia,CZE,Czechia,2002,23.33
Czechia,CZE,Czechia,2003,24.2
Czechia,CZE,Czechia,2004,20.87
Czechia,CZE,Czechia,2005,22.22
Czechia,CZE,Czechia,2006,23.17
Czechia,CZE,Czechia,2007,18.41
Czechia,CZE,Czechia,2008,18.25
Czechia,CZE,Czechia,2009,19.27
Czechia,CZE,Czechia,2010,20.81
Czechia,CZE,Czechia,2011,20.92
Czechia,CZE,Czechia,2012,19.2
Czechia,CZE,Czechia,2013,18.85
Czechia,CZE,Czechia,2014,18.29
Czechia,CZE,Czechia,2015,17.75
Czechia,CZE,Czechia,2016,16.93
Czechia,CZE,Czechia,2017,16.89
Czechia,CZE,Czechia,2018,17.3
Czechia,CZE,Czechia,2019,14.2
Czechia,CZE,Czechia,2020,14.07
Singapore,SGP,Singapore,2000,20.92
Singapore,SGP,Singapore,2001,19.81
Singapore,SGP,Singapore,2002,19.18
Singapore,SGP,Singapore,2003,17.05
Singapore,SGP,Singapore,2004,17.11
Singapore,SGP,Singapore,2005,17.65
Singapore,SGP,Singapore,2006,20.15
Singapore,SGP,Singapore,2007,17.92
Singapore,SGP,Singapore,2008,17.36
Singapore,SGP,Singapore,2009,17.24
Singapore,SGP,Singapore,2010,14.93
Singapore,SGP,Singapore,2011,15.92
Singapore,SGP,Singapore,2012,17.63
Singapore,SGP,Singapore,2013,18.9
Singapore,SGP,Singapore,2014,17.53
Singapore,SGP,Singapore,2015,17.59
Singapore,SGP,Singapore,2016,16.33
Singapore,SGP,Singapore,2017,16.27
Singapore,SGP,Singapore,2018,16.36
Singapore,SGP,Singapore,2019,17.48
Singapore,SGP,Singapore,2020,13.11
Austria,AUT,Austria,2000,19.09
Austria,AUT,Austria,2001,18.02
Austria,AUT,Austria,2002,18.45
Austria,AUT,Austria,2003,18.96
Austria,AUT,Austria,2004,16.61
Austria,AUT,Austria,2005,18.12
Austria,AUT,Austria,2006,18.55
Austria,AUT,Austria,2007,16.04
Austria,AUT,Austria,2008,15.19
Austria,AUT,Austria,2009,16.47
Austria,AUT,Austria,2010,15.91
Austria,AUT,Austria,2011,16.3
Austria,AUT,Austria,2012,14.65
Austria,AUT,Austria,2013,14.59
Austria,AUT,Austria,2014,12.89
Austria,AUT,Austria,2015,13.53
Austria,AUT,Austria,2016,12.47
Austria,AUT,Austria,2017,12.1
Austria,AUT,Austria,2018,12.54
Austria,AUT,Austria,2019,11.42
Austria,AUT,Austria,2020,10.89
Iceland,ISL,Iceland,2000,8.04
Iceland,ISL,Iceland,2001,7.64
Iceland,ISL,Iceland,2002,8.13
Iceland,ISL,Iceland,2003,8.58
Iceland,ISL,Iceland,2004,8
Iceland,ISL,Iceland,2005,7.72
Iceland,ISL,Iceland,2006,7.89
Iceland,ISL,Iceland,2007,7.54
Iceland,ISL,Iceland,2008,7.41
Iceland,ISL,Iceland,2009,7.36
Iceland,ISL,Iceland,2010,7.04
Iceland,ISL,Iceland,2011,7.23
Iceland,ISL,Iceland,2012,6.6
Iceland,ISL,Iceland,2013,6.45
Iceland,ISL,Iceland,2014,6.25
Iceland,ISL,Iceland,2015,6.18
Iceland,ISL,Iceland,2016,5.69
Iceland,ISL,Iceland,2017,6.31
Iceland,ISL,Iceland,2018,6
Iceland,ISL,Iceland,2019,5.95
Iceland,ISL,Iceland,2020,5.48
Finland,FIN,Finland,2000,8.1
Finland,FIN,Finland,2001,7.47
Finland,FIN,Finland,2002,7.49
Finland,FIN,Finland,2003,8.03
Finland,FIN,Finland,2004,7.28
Finland,FIN,Finland,2005,7.6
Finland,FIN,Finland,2006,8.39
Finland,FIN,Finland,2007,7.24
Finland,FIN,Finland,2008,6.89
Finland,FIN,Finland,2009,6.93
Finland,FIN,Finland,2010,7.03
Finland,FIN,Finland,2011,6.92
Finland,FIN,Finland,2012,6.26
Finland,FIN,Finland,2013,5.89
Finland,FIN,Finland,2014,6.15
Finland,FIN,Finland,2015,5.65
Finland,FIN,Finland,2016,5.3
Finland,FIN,Finland,2017,5.15
Finland,FIN,Finland,2018,5.52
Finland,FIN,Finland,2019,5.4
Finland,FIN,Finland,2020,4.92
Georgia,GEO,Georgia,2000,14.8
Georgia,GEO,Georgia,2001,15.01
Georgia,GEO,Georgia,2002,14.63
Georgia,GEO,Georgia,2003,14.48
Georgia,GEO,Georgia,2004,14.54
Georgia,GEO,Georgia,2005,14.7
Georgia,GEO,Georgia,2006,14.77
Georgia,GEO,Georgia,2007,14.95
Georgia,GEO,Georgia,2008,15.35
Georgia,GEO,Georgia,2009,16.47
Georgia,GEO,Georgia,2010,17.99
Georgia,GEO,Georgia,2011,21.58
Georgia,GEO,Georgia,2012,22.52
Georgia,GEO,Georgia,2013,21.69
Georgia,GEO,Georgia,2014,20.44
Georgia,GEO,Georgia,2015,19.84
Georgia,GEO,Georgia,2016,18.77
Georgia,GEO,Georgia,2017,17.9
Georgia,GEO,Georgia,2018,17.73
Georgia,GEO,Georgia,2019,16.86
Georgia,GEO,Georgia,2020,16.21
Germany,DEU,Germany,2000,18.14
Germany,DEU,Germany,2001,17.06
Germany,DEU,Germany,2002,17.69
Germany,DEU,Germany,2003,18.37
Germany,DEU,Germany,2004,16.22
Germany,DEU,Germany,2005,16.55
Germany,DEU,Germany,2006,17.35
Germany,DEU,Germany,2007,16.02
Germany,DEU,Germany,2008,15.11
Germany,DEU,Germany,2009,15.22
Germany,DEU,Germany,2010,16.18
Germany,DEU,Germany,2011,15.71
Germany,DEU,Germany,2012,13.9
Germany,DEU,Germany,2013,13.65
Germany,DEU,Germany,2014,12.28
Germany,DEU,Germany,2015,12.82
Germany,DEU,Germany,2016,11.78
Germany,DEU,Germany,2017,11.9
Germany,DEU,Germany,2018,11.66
Germany,DEU,Germany,2019,10.65
Germany,DEU,Germany,2020,10.3
Croatia,HRV,Croatia,2000,22.2
Croatia,HRV,Croatia,2001,21.96
Croatia,HRV,Croatia,2002,25.23
Croatia,HRV,Croatia,2003,26.88
Croatia,HRV,Croatia,2004,23.09
Croatia,HRV,Croatia,2005,24.29
Croatia,HRV,Croatia,2006,25.5
Croatia,HRV,Croatia,2007,20.23
Croatia,HRV,Croatia,2008,20.11
Croatia,HRV,Croatia,2009,20.94
Croatia,HRV,Croatia,2010,21.13
Croatia,HRV,Croatia,2011,23.15
Croatia,HRV,Croatia,2012,20.51
Croatia,HRV,Croatia,2013,19.86
Croatia,HRV,Croatia,2014,19.46
Croatia,HRV,Croatia,2015,19.78
Croatia,HRV,Croatia,2016,17.86
Croatia,HRV,Croatia,2017,18.4
Croatia,HRV,Croatia,2018,19.61
Croatia,HRV,Croatia,2019,15.62
Croatia,HRV,Croatia,2020,15.82
Faroe Islands,FRO,Faroe Islands,2000,7.23
Faroe Islands,FRO,Faroe Islands,2001,7.53
Faroe Islands,FRO,Faroe Islands,2002,7.46
Faroe Islands,FRO,Faroe Islands,2003,7.73
Faroe Islands,FRO,Faroe Islands,2004,6.8
Faroe Islands,FRO,Faroe Islands,2005,6.47
Faroe Islands,FRO,Faroe Islands,2006,6.86
Faroe Islands,FRO,Faroe Islands,2007,6.21
Faroe Islands,FRO,Faroe Islands,2008,6.18
Faroe Islands,FRO,Faroe Islands,2009,6.05
Faroe Islands,FRO,Faroe Islands,2010,5.86
Faroe Islands,FRO,Faroe Islands,2011,5.91
Faroe Islands,FRO,Faroe Islands,2012,5.62
Faroe Islands,FRO,Faroe Islands,2013,6.2
Faroe Islands,FRO,Faroe Islands,2014,6.76
Faroe Islands,FRO,Faroe Islands,2015,6.23
Faroe Islands,FRO,Faroe Islands,2016,6.34
Faroe Islands,FRO,Faroe Islands,2017,7.2
Faroe Islands,FRO,Faroe Islands,2018,7.05
Faroe Islands,FRO,Faroe Islands,2019,6.8
Faroe Islands,FRO,Faroe Islands,2020,6.52
Latvia,LVA,Latvia,2000,22.88
Latvia,LVA,Latvia,2001,21.08
Latvia,LVA,Latvia,2002,24.58
Latvia,LVA,Latvia,2003,21.32
Latvia,LVA,Latvia,2004,18.21
Latvia,LVA,Latvia,2005,18.56
Latvia,LVA,Latvia,2006,18.28
Latvia,LVA,Latvia,2007,16.13
Latvia,LVA,Latvia,2008,15.79
Latvia,LVA,Latvia,2009,16.23
Latvia,LVA,Latvia,2010,18.11
Latvia,LVA,Latvia,2011,15.88
Latvia,LVA,Latvia,2012,15.29
Latvia,LVA,Latvia,2013,15.75
Latvia,LVA,Latvia,2014,16.45
Latvia,LVA,Latvia,2015,13.97
Latvia,LVA,Latvia,2016,12.89
Latvia,LVA,Latvia,2017,11.92
Latvia,LVA,Latvia,2018,14.55
Latvia,LVA,Latvia,2019,12.79
Latvia,LVA,Latvia,2020,11.8
Malaysia,MYS,Malaysia,2000,22.23
Malaysia,MYS,Malaysia,2001,21.05
Malaysia,MYS,Malaysia,2002,22
Malaysia,MYS,Malaysia,2003,20.98
Malaysia,MYS,Malaysia,2004,21.9
Malaysia,MYS,Malaysia,2005,21.97
Malaysia,MYS,Malaysia,2006,23.98
Malaysia,MYS,Malaysia,2007,21.84
Malaysia,MYS,Malaysia,2008,21.29
Malaysia,MYS,Malaysia,2009,21.1
Malaysia,MYS,Malaysia,2010,17.14
Malaysia,MYS,Malaysia,2011,16.18
Malaysia,MYS,Malaysia,2012,17.51
Malaysia,MYS,Malaysia,2013,18.35
Malaysia,MYS,Malaysia,2014,16.77
Malaysia,MYS,Malaysia,2015,16.61
Malaysia,MYS,Malaysia,2016,16.01
Malaysia,MYS,Malaysia,2017,14.62
Malaysia,MYS,Malaysia,2018,16.31
Malaysia,MYS,Malaysia,2019,17.44
Malaysia,MYS,Malaysia,2020,15.88
Bahrain,BHR,Bahrain,2000,65.57
Bahrain,BHR,Bahrain,2001,62.84
Bahrain,BHR,Bahrain,2002,58.02
Bahrain,BHR,Bahrain,2003,77.75
Bahrain,BHR,Bahrain,2004,70.92
Bahrain,BHR,Bahrain,2005,72.6
Bahrain,BHR,Bahrain,2006,65.64
Bahrain,BHR,Bahrain,2007,69.04
Bahrain,BHR,Bahrain,2008,75.64
Bahrain,BHR,Bahrain,2009,66.21
Bahrain,BHR,Bahrain,2010,60.67
Bahrain,BHR,Bahrain,2011,64.14
Bahrain,BHR,Bahrain,2012,67.05
Bahrain,BHR,Bahrain,2013,65.05
Bahrain,BHR,Bahrain,2014,56.27
Bahrain,BHR,Bahrain,2015,67.95
Bahrain,BHR,Bahrain,2016,61.33
Bahrain,BHR,Bahrain,2017,58.32
Bahrain,BHR,Bahrain,2018,68.14
Bahrain,BHR,Bahrain,2019,56.85
Bahrain,BHR,Bahrain,2020,55.17
Isle of Man,IMN,Isle of Man,2000,9.98
Isle of Man,IMN,Isle of Man,2001,9.36
Isle of Man,IMN,Isle of Man,2002,9.54
Isle of Man,IMN,Isle of Man,2003,10.56
Isle of Man,IMN,Isle of Man,2004,8.41
Isle of Man,IMN,Isle of Man,2005,8.52
Isle of Man,IMN,Isle of Man,2006,8.9
Isle of Man,IMN,Isle of Man,2007,8.69
Isle of Man,IMN,Isle of Man,2008,7.83
Isle of Man,IMN,Isle of Man,2009,7.59
Isle of Man,IMN,Isle of Man,2010,7.8
Isle of Man,IMN,Isle of Man,2011,7.77
Isle of Man,IMN,Isle of Man,2012,7.63
Isle of Man,IMN,Isle of Man,2013,7.61
Isle of Man,IMN,Isle of Man,2014,8.34
Isle of Man,IMN,Isle of Man,2015,7.82
Isle of Man,IMN,Isle of Man,2016,8.26
Isle of Man,IMN,Isle of Man,2017,8.72
Isle of Man,IMN,Isle of Man,2018,8.91
Isle of Man,IMN,Isle of Man,2019,8.66
Isle of Man,IMN,Isle of Man,2020,8.57
Estonia,EST,Estonia,2000,11.49
Estonia,EST,Estonia,2001,10.99
Estonia,EST,Estonia,2002,12.25
Estonia,EST,Estonia,2003,10.4
Estonia,EST,Estonia,2004,9.58
Estonia,EST,Estonia,2005,9.37
Estonia,EST,Estonia,2006,9.27
Estonia,EST,Estonia,2007,8.2
Estonia,EST,Estonia,2008,8.05
Estonia,EST,Estonia,2009,8.12
Estonia,EST,Estonia,2010,8.91
Estonia,EST,Estonia,2011,8.11
Estonia,EST,Estonia,2012,7.84
Estonia,EST,Estonia,2013,7.94
Estonia,EST,Estonia,2014,8.59
Estonia,EST,Estonia,2015,7.09
Estonia,EST,Estonia,2016,6.8
Estonia,EST,Estonia,2017,6.09
Estonia,EST,Estonia,2018,7.72
Estonia,EST,Estonia,2019,6.81
Estonia,EST,Estonia,2020,6.13
Montenegro,MNE,Montenegro,2000,26.93
Montenegro,MNE,Montenegro,2001,26.32
Montenegro,MNE,Montenegro,2002,28.86
Montenegro,MNE,Montenegro,2003,31.45
Montenegro,MNE,Montenegro,2004,27.63
Montenegro,MNE,Montenegro,2005,27.33
Montenegro,MNE,Montenegro,2006,28.71
Montenegro,MNE,Montenegro,2007,25.11
Montenegro,MNE,Montenegro,2008,24.33
Montenegro,MNE,Montenegro,2009,25.29
Montenegro,MNE,Montenegro,2010,24.95
Montenegro,MNE,Montenegro,2011,28.01
Montenegro,MNE,Montenegro,2012,26.23
Montenegro,MNE,Montenegro,2013,23.96
Montenegro,MNE,Montenegro,2014,23.77
Montenegro,MNE,Montenegro,2015,23.42
Montenegro,MNE,Montenegro,2016,21.54
Montenegro,MNE,Montenegro,2017,21.94
Montenegro,MNE,Montenegro,2018,22.78
Montenegro,MNE,Montenegro,2019,18.98
Montenegro,MNE,Montenegro,2020,18.49
Ukraine,UKR,Ukraine,2000,26.17
Ukraine,UKR,Ukraine,2001,26.06
Ukraine,UKR,Ukraine,2002,27.24
Ukraine,UKR,Ukraine,2003,23.05
Ukraine,UKR,Ukraine,2004,21.74
Ukraine,UKR,Ukraine,2005,20.95
Ukraine,UKR,Ukraine,2006,19.6
Ukraine,UKR,Ukraine,2007,18.29
Ukraine,UKR,Ukraine,2008,17.31
Ukraine,UKR,Ukraine,2009,18.03
Ukraine,UKR,Ukraine,2010,18.84
Ukraine,UKR,Ukraine,2011,18.5
Ukraine,UKR,Ukraine,2012,17.75
Ukraine,UKR,Ukraine,2013,17.98
Ukraine,UKR,Ukraine,2014,17.57
Ukraine,UKR,Ukraine,2015,16.91
Ukraine,UKR,Ukraine,2016,15.46
Ukraine,UKR,Ukraine,2017,14.87
Ukraine,UKR,Ukraine,2018,16.28
Ukraine,UKR,Ukraine,2019,14.75
Ukraine,UKR,Ukraine,2020,14.14
Belgium,BEL,Belgium,2000,19.33
Belgium,BEL,Belgium,2001,17.86
Belgium,BEL,Belgium,2002,17.83
Belgium,BEL,Belgium,2003,20.11
Belgium,BEL,Belgium,2004,17.79
Belgium,BEL,Belgium,2005,17.29
Belgium,BEL,Belgium,2006,19.1
Belgium,BEL,Belgium,2007,17.1
Belgium,BEL,Belgium,2008,16.31
Belgium,BEL,Belgium,2009,16.57
Belgium,BEL,Belgium,2010,16.8
Belgium,BEL,Belgium,2011,16.2
Belgium,BEL,Belgium,2012,15.05
Belgium,BEL,Belgium,2013,14.22
Belgium,BEL,Belgium,2014,12.77
Belgium,BEL,Belgium,2015,13.2
Belgium,BEL,Belgium,2016,12.26
Belgium,BEL,Belgium,2017,12.63
Belgium,BEL,Belgium,2018,12.35
Belgium,BEL,Belgium,2019,11.1
Belgium,BEL,Belgium,2020,11.09
